Datetime,retorno_ME
2022-07-31,-0.9262018408224653
2022-08-31,-0.9332511433248436
2022-09-30,-0.9380084445500687
2022-10-31,-0.8493733542044921
2022-11-30,-0.8615927263416311
2022-12-31,-0.9346718046750162
2023-01-31,-0.9424919640113945
2023-02-28,-0.9439474939894628
2023-03-31,-0.5084126122659555
2023-04-30,-0.7564173338448923
2023-05-31,-0.8859073651005798
2023-06-30,-0.945782329188205
2023-07-31,-0.9191762236357881
2023-08-31,-0.9477439873990702
2023-09-30,-0.8850422450677985
2023-10-31,-0.9700498017030594
2023-11-30,-0.8703480984905788
2023-12-31,-0.9501973532763099
