,comision,retorno_total,calmar,n_operaciones
0,0.0,-0.5947242591083789,-0.7012361396965456,22521
1,0.000625,-0.9999999999980722,-0.9999999852605002,22521
2,0.00125,-1.0,-0.9999999999999996,22521
3,0.0025,-1.0,-1.0,22521
4,0.00375,-1.0,-1.0,22521
5,0.005,-1.0,-1.0,22521
6,0.007222,-1.0,-1.0,22521
7,0.009444,-1.0,-1.0,22521
8,0.011667,-1.0,-1.0,22521
9,0.013889,-1.0,-1.0,22521
10,0.016111,-1.0,-1.0,22521
11,0.018333,-1.0,-1.0,22038
12,0.020556,-1.0,-1.0,19673
13,0.022778,-1.0,-1.0,17788
14,0.025,-1.0,-1.0,16219
