,regimen,parametro,variacion,calmar,retorno_total
0,base,ninguno,0.0,-0.9999999999999996,-1.0
1,tendencia,ema_fast,+20%,-0.9999999999999996,-1.0
2,tendencia,ema_fast,-20%,-0.9999999999999997,-1.0
3,tendencia,ema_slow,+20%,-0.9999999999999993,-1.0
4,tendencia,ema_slow,-20%,-0.9999999999999998,-1.0
5,tendencia,trend_band_k,+20%,-0.9999999999999996,-1.0
6,tendencia,trend_band_k,-20%,-0.9999999999999997,-1.0
7,tendencia,rsi_window,+20%,-0.9999999999999993,-1.0
8,tendencia,rsi_window,-20%,-0.9999999999999998,-1.0
9,tendencia,rsi_band,+20%,-0.9999999999999978,-1.0
10,tendencia,rsi_band,-20%,-0.9999999999999999,-1.0
11,tendencia,boll_window,+20%,-0.9999999999999996,-1.0
12,tendencia,boll_window,-20%,-0.9999999999999996,-1.0
13,tendencia,boll_k,+20%,-0.9999999999999996,-1.0
14,tendencia,boll_k,-20%,-0.9999999999999997,-1.0
15,tendencia,atr_window,+20%,-0.9999999999999997,-1.0
16,tendencia,atr_window,-20%,-0.9999999999999994,-1.0
17,tendencia,sl_atr_mult,+20%,-0.999999999999999,-1.0
18,tendencia,sl_atr_mult,-20%,-0.9999999999999999,-1.0
19,tendencia,tp_atr_mult,+20%,-0.9999999999999982,-1.0
20,tendencia,tp_atr_mult,-20%,-0.9999999999999999,-1.0
21,tendencia,position_fraction,+20%,-1.0,-1.0
22,tendencia,position_fraction,-20%,-0.9999999999999902,-1.0
23,reversion,ema_fast,+20%,-0.9999999999999996,-1.0
24,reversion,ema_fast,-20%,-0.9999999999999997,-1.0
25,reversion,ema_slow,+20%,-0.9999999999999996,-1.0
26,reversion,ema_slow,-20%,-0.9999999999999996,-1.0
27,reversion,trend_band_k,+20%,-0.9999999999999996,-1.0
28,reversion,trend_band_k,-20%,-0.9999999999999996,-1.0
29,reversion,rsi_window,+20%,-0.9999999999999996,-1.0
30,reversion,rsi_window,-20%,-0.9999999999999997,-1.0
31,reversion,rsi_band,+20%,-0.9999999999999992,-1.0
32,reversion,rsi_band,-20%,-0.9999999999999998,-1.0
33,reversion,boll_window,+20%,-0.9999999999999994,-1.0
34,reversion,boll_window,-20%,-0.9999999999999998,-1.0
35,reversion,boll_k,+20%,-0.9999999999999993,-1.0
36,reversion,boll_k,-20%,-0.9999999999999998,-1.0
37,reversion,atr_window,+20%,-0.9999999999999996,-1.0
38,reversion,atr_window,-20%,-0.9999999999999996,-1.0
39,reversion,sl_atr_mult,+20%,-0.9999999999999991,-1.0
40,reversion,sl_atr_mult,-20%,-0.9999999999999999,-1.0
41,reversion,tp_atr_mult,+20%,-0.9999999999999986,-1.0
42,reversion,tp_atr_mult,-20%,-0.9999999999999999,-1.0
43,reversion,position_fraction,+20%,-1.0,-1.0
44,reversion,position_fraction,-20%,-0.9999999999999942,-1.0
45,crisis,ema_fast,+20%,-0.9999999999999996,-1.0
46,crisis,ema_fast,-20%,-0.9999999999999997,-1.0
47,crisis,ema_slow,+20%,-0.9999999999999996,-1.0
48,crisis,ema_slow,-20%,-0.9999999999999996,-1.0
49,crisis,trend_band_k,+20%,-0.9999999999999996,-1.0
50,crisis,trend_band_k,-20%,-0.9999999999999997,-1.0
51,crisis,rsi_window,+20%,-0.9999999999999996,-1.0
52,crisis,rsi_window,-20%,-0.9999999999999997,-1.0
53,crisis,rsi_band,+20%,-0.9999999999999996,-1.0
54,crisis,rsi_band,-20%,-0.9999999999999997,-1.0
55,crisis,boll_window,+20%,-0.9999999999999996,-1.0
56,crisis,boll_window,-20%,-0.9999999999999997,-1.0
57,crisis,boll_k,+20%,-0.9999999999999996,-1.0
58,crisis,boll_k,-20%,-0.9999999999999997,-1.0
59,crisis,atr_window,+20%,-0.9999999999999997,-1.0
60,crisis,atr_window,-20%,-0.9999999999999996,-1.0
61,crisis,sl_atr_mult,+20%,-0.9999999999999994,-1.0
62,crisis,sl_atr_mult,-20%,-0.9999999999999998,-1.0
63,crisis,tp_atr_mult,+20%,-0.9999999999999992,-1.0
64,crisis,tp_atr_mult,-20%,-0.9999999999999998,-1.0
65,crisis,position_fraction,+20%,-0.9999999999999999,-1.0
66,crisis,position_fraction,-20%,-0.9999999999999987,-1.0
