,window,silhouette,n_fit_rows
0,0,0.4632300678637406,6395
1,1,0.37661962069664323,8376
2,2,0.3761775820107979,8367
3,3,0.3735479419375923,8364
4,4,0.40835739627307394,8403
5,5,0.39643580636403086,8443
6,6,0.34234294927694464,8412
7,7,0.33924536487521384,8410
8,8,0.3744088277570953,8419
9,9,0.28342418838722283,8368
10,10,0.3942331396640449,8358
11,11,0.34745338944807785,8377
12,12,0.3275881080505512,8445
13,13,0.34360014368280933,8419
14,14,0.39515641567943677,8405
15,15,0.407791418464588,8398
16,16,0.3871847317105082,8388
17,17,0.4599972982754124,8358
18,18,0.3764817317287296,8407
19,19,0.4580665721444067,8456
20,20,0.47087540271032835,8512
21,21,0.3826510279084983,8531
22,22,0.41426157949048903,8548
23,23,0.44070424705929134,8548
24,24,0.3578646735778028,8530
25,25,0.3447914087387875,8537
26,26,0.3248693931348632,8531
27,27,0.3965617466567053,8526
28,28,0.3942056075189343,8543
29,29,0.5326112746838222,8534
30,30,0.528255703787515,8511
31,31,0.5384562303021123,8522
32,32,0.3515230682709632,8523
33,33,0.3371372474570734,8543
34,34,0.400311775610861,8541
35,35,0.4057658981734115,8544
36,38,0.4880019653423392,833
37,39,0.5267532315731299,2785
38,40,0.4434415361115731,4760
39,41,0.35306455456490465,6582
40,42,0.4153090299169227,8247
41,43,0.392840442193733,8227
42,44,0.3579889565409887,8239
43,45,0.3500700262840526,8256
44,46,0.3901044803923966,8407
45,47,0.46053632790328836,8411
46,48,0.4458675521090347,8415
47,49,0.4356539546314173,8411
48,50,0.37974121588197596,8394
49,51,0.36932055157701693,8375
50,52,0.3652766206330673,8397
51,53,0.41617619816075047,8411
52,54,0.35336153123201525,8409
53,55,0.31887697745973137,8416
54,56,0.34887172573280756,8420
55,57,0.3507369299302154,8392
56,58,0.6189816675440799,8413
57,59,0.563387483854872,8396
58,60,0.41024322277789416,8402
59,61,0.4474677300181195,8402
60,62,0.3096770169554126,8417
61,63,0.26965770560164715,8372
62,64,0.3073878367362641,8376
63,65,0.3434775567443794,8403
64,66,0.304977387922792,8445
65,67,0.4331258337407878,8435
66,68,0.46291740925552244,8487
67,69,0.43780602450380746,8528
68,70,0.42679700216368877,8563
69,71,0.4101195432510665,8553
70,72,0.4253963449607066,8601
71,73,0.3917674697219792,8608
72,74,0.3736796288986142,8586
73,75,0.3508242202900417,8606
