,window,is_start,is_end,oos_start,oos_end,regime,regime_code,n_trials,selection_method,inherited,n_trades_is,calmar_is,n_trades_oos,calmar_oos,wfe,param_ema_fast,param_ema_slow,param_trend_band_k,param_rsi_window,param_rsi_band,param_boll_window,param_boll_k,param_atr_window,param_sl_atr_mult,param_tp_atr_mult,param_position_fraction
0,0,2022-06-01,2022-07-01,2022-07-01,2022-07-08,tendencia,0,120,meseta,False,35,83.21026785825022,22,-20.17706825753908,-0.24248291439117803,33,95,0.8796727398171049,7,16.61021189645634,14,2.581618030987854,28,1.5572499220326614,4.145694226575054,0.7545464912813802
1,0,2022-06-01,2022-07-01,2022-07-01,2022-07-08,reversion,1,120,meseta,False,430,-1.5567784116794556,217,-2.434282247831807,,7,190,0.15104636744984082,9,8.970675590866007,59,2.4335002009956113,9,1.601598587869789,1.2268374210959676,0.9867976486287663
2,0,2022-06-01,2022-07-01,2022-07-01,2022-07-08,crisis,2,120,meseta,False,375,-1.6493631991942916,0,,,8,89,0.1694846487720341,16,5.418118876011946,54,3.328791042907803,26,1.1204613282314027,1.9738717498785798,0.9360779951662637
3,1,2022-06-08,2022-07-08,2022-07-08,2022-07-15,tendencia,0,120,meseta,False,126,-3.253758045999393,22,-16.76631353036353,,38,197,0.09325213348819128,30,7.7791117537401515,16,1.7715713807663627,26,3.1641977130284134,4.989181549042963,0.9499047762627503
4,1,2022-06-08,2022-07-08,2022-07-08,2022-07-15,reversion,1,120,meseta,False,377,-1.5925028604814475,169,-2.596327168687267,,7,80,0.29397857054029347,17,6.931477659575898,53,1.7958623885446061,17,3.9236144304370706,1.237541748185538,0.9885406575989765
5,1,2022-06-08,2022-07-08,2022-07-08,2022-07-15,crisis,2,120,meseta,False,238,-2.593086717439739,0,,,19,149,0.025007631208370337,15,5.067725382347297,34,3.2993577444405147,25,1.019295799679878,4.715977689001296,0.9069322876376305
6,2,2022-06-15,2022-07-15,2022-07-15,2022-07-22,tendencia,0,120,meseta,False,471,-1.5593676336985498,299,-2.029260978117938,,7,199,0.04938440145104735,28,5.5003970292655495,34,2.056967952655425,27,1.1309211723398456,1.9291946164134999,0.9096479146769585
7,2,2022-06-15,2022-07-15,2022-07-15,2022-07-22,reversion,1,120,meseta,False,327,-1.8422421817887285,0,,,11,90,0.8025884625618152,26,6.1086274985487234,56,3.3262628989758443,15,1.054548115946327,1.2496736772599213,0.9695930255130583
8,2,2022-06-15,2022-07-15,2022-07-15,2022-07-22,crisis,2,120,meseta,False,433,-1.555367559084581,0,,,25,171,0.10392886779243261,9,6.525631853481167,52,2.971757795685571,14,1.4564511992792661,1.042769681968832,0.8992893611772753
9,3,2022-06-22,2022-07-22,2022-07-22,2022-07-29,tendencia,0,120,meseta,False,643,-1.2386820253422688,278,-2.0851348677547503,,32,117,0.9684313161354365,30,5.800928195612384,18,3.422964613618757,14,1.8553296768421832,1.1424521271504828,0.9619426099181495
10,3,2022-06-22,2022-07-22,2022-07-22,2022-07-29,reversion,1,120,meseta,False,270,-2.0243711852858346,0,,,10,197,0.36344066721342705,27,5.456385136667456,24,3.4262353151104548,15,1.709050037184603,1.0669455617269588,0.9457682220214836
11,3,2022-06-22,2022-07-22,2022-07-22,2022-07-29,crisis,2,120,meseta,False,148,-3.4200008220009503,0,,,10,63,0.02180032621844661,16,6.1542054282948,39,1.6763220460188615,20,2.970348523778836,1.188120112528034,0.7961316307408741
12,4,2022-06-29,2022-07-29,2022-07-29,2022-08-05,tendencia,0,120,meseta,False,291,-1.8425375847985916,138,-3.228640174093343,,11,177,0.47969035414936867,24,23.179078871892493,12,1.641966548339524,27,2.9274214278936803,1.8328109192505848,0.9986982914974535
13,4,2022-06-29,2022-07-29,2022-07-29,2022-08-05,reversion,1,120,meseta,False,432,-1.5103285667036974,0,,,24,58,0.18886930705075683,18,5.346656226294662,29,2.976877114525268,18,1.2842239806687579,1.0546154136377766,0.9936802260245766
14,4,2022-06-29,2022-07-29,2022-07-29,2022-08-05,crisis,2,120,meseta,False,334,-1.8643155304822447,0,,,18,188,0.45687464174528336,20,6.702507547154693,58,1.6774522830941354,9,1.034212634738903,1.0617569206538828,0.9137581303643437
15,5,2022-07-06,2022-08-05,2022-08-05,2022-08-12,tendencia,0,120,meseta,False,887,-1.1245089161904678,314,-1.926966292403421,,16,117,0.12955917134610528,7,6.897384775100014,28,2.8576985338911243,18,1.4751728019530719,1.0943499346631702,0.9652696083210175
16,5,2022-07-06,2022-08-05,2022-08-05,2022-08-12,reversion,1,120,meseta,False,320,-1.7515651661519653,0,,,5,66,0.4675921748933107,18,5.267517931836644,22,1.9713173631764669,29,3.2621335483263407,1.2656063017909025,0.9665009017783165
17,5,2022-07-06,2022-08-05,2022-08-05,2022-08-12,crisis,2,120,meseta,False,67,-6.570671423970323,0,,,21,50,0.045422339933784986,15,11.016415621984878,32,1.7123471190260122,25,1.567843868087366,1.533837972139847,0.9470200016841207
18,6,2022-07-13,2022-08-12,2022-08-12,2022-08-19,tendencia,0,120,meseta,False,152,-3.1942673504808887,266,-2.0110405396645534,,34,83,0.7259246763801985,29,5.175112439689147,31,1.9064523282077976,23,2.9532272403319726,1.1458820713792606,0.9726262597019112
19,6,2022-07-13,2022-08-12,2022-08-12,2022-08-19,reversion,1,120,meseta,False,834,-1.1705957236164017,0,,,6,77,0.8523711613586287,28,6.822205966602896,21,1.5380426420639906,10,1.0813671923925725,1.0917369549777662,0.9167978351330657
20,6,2022-07-13,2022-08-12,2022-08-12,2022-08-19,crisis,2,120,meseta,False,500,-1.4728570922592519,0,,,25,79,0.38034446742318434,7,8.786776184992055,22,1.6931879832080825,10,1.134392753571109,1.1344886153985063,0.9439857588515765
21,7,2022-07-20,2022-08-19,2022-08-19,2022-08-26,tendencia,0,120,meseta,False,251,-2.098640642845494,170,-2.518475402629629,,16,116,0.04834606447200974,29,6.0956841659806384,13,3.420306126212513,9,3.27848087246641,1.4116879952767025,0.9812329111571374
22,7,2022-07-20,2022-08-19,2022-08-19,2022-08-26,reversion,1,120,meseta,False,619,-1.3434053433448172,0,,,13,63,0.026203497534113267,24,5.732398828487372,14,1.8568923411830769,22,1.0297465830594748,1.3031644899944461,0.8814426613805953
23,7,2022-07-20,2022-08-19,2022-08-19,2022-08-26,crisis,2,120,meseta,False,591,-1.3216680954121522,0,,,15,94,0.3195977774436194,24,5.446789172206964,42,1.6118756608954683,30,1.0477838149100354,1.066526739826928,0.9658206304705033
24,8,2022-07-27,2022-08-26,2022-08-26,2022-09-02,tendencia,0,120,meseta,False,317,-2.0422691556950547,115,-4.505829084357801,,16,194,0.5670600723373058,7,6.706999947839971,59,1.6851397326273942,28,1.537629542340972,1.086230783587058,0.8372509073458637
25,8,2022-07-27,2022-08-26,2022-08-26,2022-09-02,reversion,1,120,meseta,False,428,-1.503055342089777,67,-6.86295542680784,,13,52,0.7681668543782181,28,6.571071260149611,16,1.6128958506679374,13,3.905896079886131,1.033661413935498,0.9891733661041595
26,8,2022-07-27,2022-08-26,2022-08-26,2022-09-02,crisis,2,120,meseta,False,363,-1.550987145489095,90,-4.529013535941398,,5,52,0.9555470485627197,7,5.375913211352713,25,3.452382842929044,14,3.1153867230362438,1.3469233454489944,0.9812695439187685
27,9,2022-08-03,2022-09-02,2022-09-02,2022-09-09,tendencia,0,120,meseta,False,527,-1.748669267652377,238,-2.9103872417422543,,39,151,0.49676155118741266,13,5.268034118059727,16,1.6920300688720094,10,3.289367622857036,1.135047048176123,0.6397268124111155
28,9,2022-08-03,2022-09-02,2022-09-02,2022-09-09,reversion,1,120,meseta,False,332,-1.7130757118923767,2,-314.3598558179141,,22,76,0.982863992764962,23,5.750264474907404,15,3.453704160472717,25,1.410610623252432,1.0682719445835243,0.9739627342013352
29,9,2022-08-03,2022-09-02,2022-09-02,2022-09-09,crisis,2,120,meseta,False,358,-1.7363811683282728,46,-9.785339059555609,,38,88,0.5805267529237422,9,9.565773016756813,38,1.5912724694789773,15,1.3321683985839663,1.1756518106886382,0.9529496042242946
30,10,2022-08-10,2022-09-09,2022-09-09,2022-09-16,tendencia,0,120,meseta,False,8,13.61853625811716,6,-70.92474778188415,-5.207956746424222,31,161,0.3149164210403042,25,24.9029114145941,10,2.5792342635590746,20,2.3716021792931246,3.5098728266975465,0.8990700312865894
31,10,2022-08-10,2022-09-09,2022-09-09,2022-09-16,reversion,1,120,meseta,False,442,-1.4973833970372752,85,-5.54804412132919,,28,68,0.7361409900217063,10,5.422675568847053,54,3.2618592221379727,11,2.389009043539797,1.2424835052840237,0.9459063914760728
32,10,2022-08-10,2022-09-09,2022-09-09,2022-09-16,crisis,2,120,meseta,False,701,-1.2824326297276556,219,-2.828170358077331,,25,74,0.21693650693944644,16,5.339218419768876,45,1.6587529828340277,26,1.2680541882508796,1.2174748883362725,0.841253133212154
33,11,2022-08-17,2022-09-16,2022-09-16,2022-09-23,tendencia,0,120,meseta,False,383,-1.6196651016386543,0,,,5,192,0.679872104060371,8,6.701883386365155,51,3.2747634199484708,23,3.532475327156458,1.2299047419972973,0.949203747642242
34,11,2022-08-17,2022-09-16,2022-09-16,2022-09-23,reversion,1,120,meseta,False,631,-1.2472872449777586,97,-4.33792405114295,,22,105,0.8963011825719014,7,13.318046359591529,20,1.731429118660928,27,1.65969230802312,1.0619288680445302,0.9808554083714978
35,11,2022-08-17,2022-09-16,2022-09-16,2022-09-23,crisis,2,120,meseta,False,197,-3.0919503344169286,312,-2.2215373503492732,,20,52,0.029086380238312844,21,5.910947385967994,43,2.340321803527196,28,1.1580764478131733,1.3665876912196082,0.8300359488094294
36,12,2022-08-24,2022-09-23,2022-09-23,2022-09-30,tendencia,0,120,meseta,False,312,-1.766402039064386,0,,,32,105,0.1606195284715232,17,7.9429607970726,28,1.5930307529547145,15,3.6407884068890453,1.0958842117942513,0.9765246885250086
37,12,2022-08-24,2022-09-23,2022-09-23,2022-09-30,reversion,1,120,meseta,False,409,-1.4835112150347871,203,-2.343156673122441,,30,103,0.11863010092193828,18,7.2362916564754585,30,2.2232431205287693,16,3.6389951880067883,1.1209452841462122,0.9971687671370058
38,12,2022-08-24,2022-09-23,2022-09-23,2022-09-30,crisis,2,120,meseta,False,258,-2.1476031866014935,12,-25.450494737460016,,35,105,0.11793146857741314,19,6.427395891228294,49,1.9840994813852009,27,3.1117141811836424,1.3327910898621973,0.9832240212060609
39,13,2022-08-31,2022-09-30,2022-09-30,2022-10-07,tendencia,0,120,meseta,False,200,-2.4139994972321848,63,-6.402091634222298,,27,145,0.1573812392474449,24,18.88572664123239,58,1.6643202689177734,16,3.014890188295474,1.006184080960215,0.9792560841763165
40,13,2022-08-31,2022-09-30,2022-09-30,2022-10-07,reversion,1,120,meseta,False,498,-1.4983414410514442,0,,,38,198,0.2948985317944066,29,6.818361030938797,17,1.9457653056926676,15,1.3715337144511388,1.0081323670791453,0.8896200804929086
41,13,2022-08-31,2022-09-30,2022-09-30,2022-10-07,crisis,2,120,meseta,False,310,-1.794569875040056,113,-3.8872706302093136,,37,175,0.10527894388459921,23,6.270332699727725,53,1.7270053530514575,29,3.168578560432098,1.138107317276218,0.9325992302451858
42,14,2022-09-07,2022-10-07,2022-10-07,2022-10-14,tendencia,0,120,meseta,False,215,-2.9738415509525553,177,-2.91903336687881,,7,72,0.6252917050689092,21,5.046313323937986,58,2.9841840791308516,23,1.1354595950112578,5.877522769277013,0.9797258370291217
43,14,2022-09-07,2022-10-07,2022-10-07,2022-10-14,reversion,1,120,meseta,False,413,-1.7129326039327193,0,,,26,198,0.05993059058423664,8,12.208483279160077,51,1.5243717972088788,29,1.312697075370379,1.309329399695678,0.8654514562183337
44,14,2022-09-07,2022-10-07,2022-10-07,2022-10-14,crisis,2,120,meseta,False,506,-1.3698781197939365,0,,,37,193,0.9490141409153998,7,7.983268196666067,19,1.598639593456124,19,3.518182765041786,1.20075137010733,0.9757814675878874
45,15,2022-09-14,2022-10-14,2022-10-14,2022-10-21,tendencia,0,120,meseta,False,482,-1.4521040672158823,0,,,24,111,0.1928813252407797,29,5.5432345574780255,11,2.983849138892539,13,1.453734715825157,1.1003239020849822,0.9465636480847397
46,15,2022-09-14,2022-10-14,2022-10-14,2022-10-21,reversion,1,120,meseta,False,203,-2.7765777411664567,151,-3.5494913625887445,,5,182,0.06724506859042897,17,6.405094527501345,40,1.608321213785894,13,1.1856810445514325,5.583699781877814,0.9260825851357217
47,15,2022-09-14,2022-10-14,2022-10-14,2022-10-21,crisis,2,120,meseta,False,408,-1.6539339197812093,0,,,6,118,0.9631080209423231,27,7.53056722735474,10,1.8565157549211566,28,2.66020248809276,1.1004036706886036,0.8442412991753435
48,16,2022-09-21,2022-10-21,2022-10-21,2022-10-28,tendencia,0,120,meseta,False,435,-1.462291801736419,169,-2.9819412463082875,,15,117,0.11576767909683411,29,6.439049626806447,51,3.0396909961336176,16,2.4665214555094357,1.1474743391241151,0.9763656914742158
49,16,2022-09-21,2022-10-21,2022-10-21,2022-10-28,reversion,1,120,meseta,False,218,-2.29202771097441,0,,,6,68,0.09006481521008251,10,11.112510583194508,26,3.4220592292178402,10,3.3743315559993117,1.2573466332668308,0.9908161476222216
50,16,2022-09-21,2022-10-21,2022-10-21,2022-10-28,crisis,2,120,meseta,False,253,-2.0950867068995707,34,-9.441803188608093,,11,68,0.3174870233822231,22,7.307116252004781,44,3.165996828279687,16,2.9430482366262085,1.2527948394244695,0.9887060802853052
51,17,2022-09-28,2022-10-28,2022-10-28,2022-11-04,tendencia,0,120,meseta,False,196,-2.7972453456360635,121,-4.291651609308578,,30,158,0.5800361967597711,10,19.522177188270692,30,1.5820528710286657,29,3.907010438446564,1.0167169146305752,0.7860501285329468
52,17,2022-09-28,2022-10-28,2022-10-28,2022-11-04,reversion,1,120,meseta,False,628,-1.2633778423823014,114,-3.804297872785067,,38,162,0.6867664988289557,15,5.740929893167539,55,1.9736712616529934,22,1.3394686412889019,1.0138643868626567,0.9764666442043648
53,17,2022-09-28,2022-10-28,2022-10-28,2022-11-04,crisis,2,120,meseta,False,404,-1.7016389660342117,0,,,15,62,0.1374493388023172,13,5.09409246010097,17,3.479305125883434,13,1.0440421247631426,1.9442863249330076,0.9129404111756897
54,18,2022-10-05,2022-11-04,2022-11-04,2022-11-11,tendencia,0,120,meseta,False,311,-1.9923565309016646,60,-8.045055888396659,,14,107,0.8796708469456616,18,5.069929279210179,44,2.1980566028801736,7,2.2744117240565997,1.069984864494969,0.8590966489044397
55,18,2022-10-05,2022-11-04,2022-11-04,2022-11-11,reversion,1,120,meseta,False,522,-1.4936304995686858,155,-3.974324394854042,,8,104,0.9452869240684518,25,9.26113285884671,11,1.7489110677972284,10,1.2924268637551135,1.0980544983407365,0.8130908509474656
56,18,2022-10-05,2022-11-04,2022-11-04,2022-11-11,crisis,2,120,meseta,False,319,-1.899886799175903,93,-5.107876537588086,,5,156,0.3515053825258745,7,12.444409009022822,31,1.5750622909207248,23,1.7777459362768937,1.099528597514246,0.8998701343979542
57,19,2022-10-12,2022-11-11,2022-11-11,2022-11-18,tendencia,0,120,meseta,False,1301,-1.1646826548624354,0,,,9,72,0.10928965875756015,17,5.4342729067704845,24,1.525852428964199,27,1.030511721437769,1.1880624199220042,0.6094735473976624
58,19,2022-10-12,2022-11-11,2022-11-11,2022-11-18,reversion,1,120,meseta,False,415,-1.5581988126547552,0,,,37,185,0.18570492056298016,11,6.302326996655341,47,1.6557444794823977,9,1.1571716238747327,1.082496309432887,0.9786225406872516
59,19,2022-10-12,2022-11-11,2022-11-11,2022-11-18,crisis,2,120,meseta,False,21,6043.9700706847825,77,-12.387847821059804,-0.0020496209736618138,31,192,0.9089871411772646,16,23.949533682438652,20,1.7690164550855432,17,2.944910746571859,3.8975840624388574,0.32816641747201936
60,20,2022-10-19,2022-11-18,2022-11-18,2022-11-25,tendencia,0,120,meseta,False,378,-1.6524122130077121,127,-3.3904092812085027,,39,99,0.3257020909973194,23,5.416669053271857,38,2.455521833894745,10,3.602726520569671,1.2995225961163421,0.9733138307972318
61,20,2022-10-19,2022-11-18,2022-11-18,2022-11-25,reversion,1,120,meseta,False,157,-2.834377573778605,45,-8.671066445046918,,13,58,0.1635528270725108,17,9.003575093823416,33,2.331285373798473,9,3.6868317841004408,1.3668725539956,0.9416376996485109
62,20,2022-10-19,2022-11-18,2022-11-18,2022-11-25,crisis,2,120,meseta,False,191,-2.373569505875758,0,,,7,61,0.9817430636151455,7,16.14250456919858,43,2.4665091477720895,7,3.93750003628978,1.1816402780662443,0.8917485709313974
63,21,2022-10-26,2022-11-25,2022-11-25,2022-12-02,tendencia,0,120,meseta,False,370,-1.919713414549151,239,-2.527657474463652,,39,66,0.1182081046562996,11,9.620176900762397,41,1.5564854251967666,28,3.220849114434006,1.0202486670959081,0.7853823447968904
64,21,2022-10-26,2022-11-25,2022-11-25,2022-12-02,reversion,1,120,meseta,False,558,-1.3089739943694678,5,-93.86839174310414,,9,63,0.09969390258664557,9,5.687030568680484,56,3.228336372994191,26,1.917643539538553,1.2850045090925588,0.9742401275928939
65,21,2022-10-26,2022-11-25,2022-11-25,2022-12-02,crisis,2,120,meseta,False,428,-1.5322239295665665,0,,,6,77,0.6116158568801693,17,5.684959043659436,36,1.8370929250135248,25,1.1429881772270203,1.3434564003525582,0.9962772424431189
66,22,2022-11-02,2022-12-02,2022-12-02,2022-12-09,tendencia,0,120,meseta,False,956,-1.1370265370821726,395,-1.7028840845844713,,14,186,0.49629147544150853,27,6.959134393252471,33,1.523171888971253,29,1.0343937128545617,1.088811558981074,0.9091055764871254
67,22,2022-11-02,2022-12-02,2022-12-02,2022-12-09,reversion,1,120,meseta,False,200,-2.6968811520470872,0,,,31,144,0.7845631925886121,10,5.709400662307672,48,2.524204003036046,9,1.0347419130088273,3.0176579044838348,0.973715924529969
68,22,2022-11-02,2022-12-02,2022-12-02,2022-12-09,crisis,2,120,meseta,False,193,-2.369665044185665,0,,,40,74,0.9539223499841537,8,12.35157918440577,28,1.5051688845623834,10,3.5305383973393947,1.2593698569016505,0.9544276385697658
69,23,2022-11-09,2022-12-09,2022-12-09,2022-12-16,tendencia,0,120,meseta,False,666,-1.2707890856015371,224,-2.5233639892645745,,35,141,0.003914355345444133,13,6.288028916391219,18,2.3178953128985866,17,2.3998964077080287,1.1876166749924013,0.914005763244016
70,23,2022-11-09,2022-12-09,2022-12-09,2022-12-16,reversion,1,120,meseta,False,225,-2.3504290536877703,53,-8.612900137749435,,33,189,0.8694253685122467,12,5.200733575949085,60,3.472502281573793,29,1.5549533308906536,1.258589822228175,0.9594077128825638
71,23,2022-11-09,2022-12-09,2022-12-09,2022-12-16,crisis,2,120,meseta,False,344,-1.795341614671038,0,,,13,65,0.36002122418236854,19,5.370587799186117,21,2.3136922363794623,28,1.1033190551226741,1.2673599527411554,0.9691560920166852
72,24,2022-11-16,2022-12-16,2022-12-16,2022-12-23,tendencia,0,120,meseta,False,413,-1.7810267315637742,134,-4.103243199163132,,10,100,0.6610210090942606,26,6.046767766757034,41,3.3418525061252575,14,2.467113870137144,1.0723902401781884,0.785400353576274
73,24,2022-11-16,2022-12-16,2022-12-16,2022-12-23,reversion,1,120,meseta,False,668,-1.3721890672038428,116,-4.965716639972336,,12,151,0.16713992574639783,10,5.137446076216259,59,3.1764439560497078,14,1.3060663441454285,1.145679808083996,0.7776476073640366
74,24,2022-11-16,2022-12-16,2022-12-16,2022-12-23,crisis,2,120,meseta,False,278,-2.095744837352631,0,,,7,174,0.12431080958504873,9,6.20761932071728,10,2.7942442361739275,23,1.346232631068879,1.1134284281725342,0.90055860349518
75,25,2022-11-23,2022-12-23,2022-12-23,2022-12-30,tendencia,0,120,meseta,False,342,-1.7902378983513019,158,-3.0910660019673544,,9,146,0.9687345226407854,20,7.431755711498036,53,1.81255786955887,27,3.847173629991835,1.2297727135239955,0.9359308625354124
76,25,2022-11-23,2022-12-23,2022-12-23,2022-12-30,reversion,1,120,meseta,False,526,-1.3812533028829934,28,-14.547368708689103,,12,78,0.23414724816197519,8,9.435993837397234,48,3.3241065189802,12,1.056341214996261,1.1675497479832226,0.9936040724495351
77,25,2022-11-23,2022-12-23,2022-12-23,2022-12-30,crisis,2,120,meseta,False,346,-1.7137037934933825,0,,,20,199,0.452111043824193,19,6.040539240612044,57,1.621722442442155,22,1.1086735411215007,1.248733390254478,0.9875813093461364
78,26,2022-11-30,2022-12-30,2022-12-30,2023-01-06,tendencia,0,120,meseta,False,536,-1.3598331821394467,252,-2.139400008882092,,18,186,0.4914251442518713,13,6.387247916104536,27,2.2441486310015217,11,1.6800584405751415,1.2171875154458207,0.9821498411709209
79,26,2022-11-30,2022-12-30,2022-12-30,2023-01-06,reversion,1,120,meseta,False,390,-1.6267487183221754,0,,,14,79,0.4794838908557039,26,5.452895338994811,13,1.8687621949971223,28,2.4597936726896226,1.0253511869120804,0.9459046392139493
80,26,2022-11-30,2022-12-30,2022-12-30,2023-01-06,crisis,2,120,meseta,False,329,-1.7904616528251445,0,,,23,172,0.09518606167484397,7,6.921459906362036,58,2.9771353723645144,30,1.170694766091036,1.2032683457381932,0.9981186579210702
81,27,2022-12-07,2023-01-06,2023-01-06,2023-01-13,tendencia,0,120,meseta,False,709,-1.2196082771027275,40,-12.477781483304645,,5,130,0.031122091114668262,9,8.210653122111923,45,1.5472336848940775,18,1.1824544468838074,1.403302427727072,0.9858373313015432
82,27,2022-12-07,2023-01-06,2023-01-06,2023-01-13,reversion,1,120,meseta,False,389,-1.706505990385786,326,-1.962539755940311,,7,92,0.03503555628103551,10,5.408282412830533,14,3.1168051650309176,10,1.1340895963669366,1.4529196225143353,0.9039231278001022
83,27,2022-12-07,2023-01-06,2023-01-06,2023-01-13,crisis,2,120,meseta,False,286,-1.893519453233603,1,-257.815197470857,,23,60,0.17074072478846092,7,14.424456528616844,13,1.581496714069031,13,3.303858407292204,1.1559273023801173,0.9938098139726986
84,28,2022-12-14,2023-01-13,2023-01-13,2023-01-20,tendencia,0,120,meseta,False,131,-3.8390398144014752,82,-6.102564548591306,,11,52,0.39250852619417503,7,5.758996206897193,41,1.6205646759017613,11,1.2664805488853295,1.196530752510586,0.9548279007800267
85,28,2022-12-14,2023-01-13,2023-01-13,2023-01-20,reversion,1,120,meseta,False,751,-1.2418484995700576,0,,,12,56,0.1653384775886008,13,6.454561982398102,57,1.6695847761405715,27,1.0812229545164171,1.5684438952461397,0.8833446555725161
86,28,2022-12-14,2023-01-13,2023-01-13,2023-01-20,crisis,2,120,meseta,False,583,-1.3117005436516038,266,-2.089978877561313,,24,56,0.7770092698004044,12,5.498859797284811,49,1.582400776692609,14,1.05429100670088,1.345067797884775,0.9975332219232735
87,29,2022-12-21,2023-01-20,2023-01-20,2023-01-27,tendencia,0,120,meseta,False,13,461.41109946960717,0,,,11,99,0.8611334978475825,26,11.356553795917673,58,3.181382993647822,8,3.8955255378453413,5.6720465317081405,0.32618475433545463
88,29,2022-12-21,2023-01-20,2023-01-20,2023-01-27,reversion,1,120,meseta,False,1298,-1.1258578983703282,0,,,10,65,0.17388304975199811,13,5.577212158030939,57,1.6535500601287083,23,1.2064573559732281,1.045494631750885,0.6742589351584287
89,29,2022-12-21,2023-01-20,2023-01-20,2023-01-27,crisis,2,120,meseta,False,126,-3.259305317216448,164,-2.9908144495286173,,38,128,0.7772958791512358,15,5.96850768768717,47,3.3963164159978856,8,3.2533648551390373,1.2739914401716261,0.9777829225371328
90,30,2022-12-28,2023-01-27,2023-01-27,2023-02-03,tendencia,0,120,meseta,False,128,-4.303565411134941,0,,,11,74,0.6801565660725419,26,5.904214101370675,59,1.982825836909014,13,1.8651084947754302,1.0003414277914695,0.8513516651590842
91,30,2022-12-28,2023-01-27,2023-01-27,2023-02-03,reversion,1,120,meseta,False,731,-1.2090335600980315,0,,,36,80,0.6630159901726803,18,6.469759389629734,13,1.6980863778486832,27,1.2093830134412284,1.2732333419132684,0.9778430815332496
92,30,2022-12-28,2023-01-27,2023-01-27,2023-02-03,crisis,2,120,meseta,False,443,-1.5586908328599043,228,-2.499477547731712,,21,140,0.8472411806229706,27,5.156845462533615,25,2.5783607423683703,7,1.18494434003892,1.909305319033272,0.9604721018438261
93,31,2023-01-04,2023-02-03,2023-02-03,2023-02-10,tendencia,0,120,meseta,False,15,550.4018682988615,0,,,38,193,0.11937925547041706,30,16.519660282008918,16,2.244674648036867,18,3.9851461870844873,4.914439398436106,0.356542091009662
94,31,2023-01-04,2023-02-03,2023-02-03,2023-02-10,reversion,1,120,meseta,False,379,-1.742369932300097,0,,,6,96,0.993972594241773,19,7.478826087709775,28,3.1676373809728413,21,1.1520442099516797,1.1869257416594792,0.9173908075169763
95,31,2023-01-04,2023-02-03,2023-02-03,2023-02-10,crisis,2,120,meseta,False,938,-1.1374482460271962,351,-1.8169377737800192,,7,50,0.9761307477874822,17,6.059167291420409,59,3.2405362011503787,30,1.2719450494478202,1.5696306207701338,0.9277761458710638
96,32,2023-01-11,2023-02-10,2023-02-10,2023-02-17,tendencia,0,120,meseta,False,21,107.4518547874755,3,-16.134214919900455,-0.15015296806008271,10,193,0.8648052224936746,12,24.92184530599433,20,3.3744692006917156,29,3.617709761865993,5.472598458316777,0.7136732803156434
97,32,2023-01-11,2023-02-10,2023-02-10,2023-02-17,reversion,1,120,meseta,False,763,-1.303272504121629,339,-2.1712693809456343,,13,153,0.030908266465344753,7,5.597309023169957,58,1.8347480812046537,27,1.0980488015037935,1.4746491050803676,0.7781531623382194
98,32,2023-01-11,2023-02-10,2023-02-10,2023-02-17,crisis,2,120,meseta,False,474,-1.3871122950137604,0,,,16,55,0.16297460595966454,24,5.197195639216991,23,1.8255560792996108,20,2.9540636166065353,1.211985173538321,0.9647380470474849
99,33,2023-01-18,2023-02-17,2023-02-17,2023-02-24,tendencia,0,120,meseta,False,475,-1.4821893205261627,46,-8.11583807600217,,38,108,0.8593788066568402,25,5.673140605584578,48,1.7013163892452685,17,1.4932989190224746,1.3747640695942775,0.9947418767564723
100,33,2023-01-18,2023-02-17,2023-02-17,2023-02-24,reversion,1,120,meseta,False,415,-1.5896408810031344,0,,,24,80,0.21827474054594231,13,6.721528466050638,49,2.851019202082997,14,1.0676769923434368,1.3052767009220592,0.9718584041967133
101,33,2023-01-18,2023-02-17,2023-02-17,2023-02-24,crisis,2,120,meseta,False,565,-1.3330059034311978,330,-1.76774690105237,,7,59,0.8689454398012741,24,6.372726428260783,31,1.5257486243077911,25,1.178797929811205,1.1656846511643204,0.9795600976901077
102,34,2023-01-25,2023-02-24,2023-02-24,2023-03-03,tendencia,0,120,meseta,False,124,-3.931807651284805,0,,,14,189,0.9588903243435022,16,7.282443365500659,57,2.65866529835679,12,1.2617415486586556,1.0488737175412708,0.9580515786394277
103,34,2023-01-25,2023-02-24,2023-02-24,2023-03-03,reversion,1,120,meseta,False,695,-1.2080961397381975,109,-4.015864586027629,,7,52,0.3805453730663345,14,5.1997928244694975,58,2.623887006866142,21,3.2313187904501497,1.1323717995119331,0.9654074902876796
104,34,2023-01-25,2023-02-24,2023-02-24,2023-03-03,crisis,2,120,meseta,False,344,-2.0054974599832818,137,-4.3197817101729115,,11,126,0.9674497147571953,7,6.579110216920546,14,1.5425377361540602,16,1.0442088162284855,4.574474719299246,0.8936661216039888
105,35,2023-02-01,2023-03-03,2023-03-03,2023-03-10,tendencia,0,120,meseta,False,220,-2.5319776973053245,0,,,9,65,0.9363039685353725,18,8.093448281446847,55,3.0262831156035466,11,1.8067763391139726,1.1783812552352093,0.8905116152613919
106,35,2023-02-01,2023-03-03,2023-03-03,2023-03-10,reversion,1,120,meseta,False,586,-1.363171634761263,233,-2.5025156169771208,,13,95,0.4449612326139706,7,17.181856156795302,58,1.9461745368662902,8,1.0258965568621177,1.0481754437792106,0.8959357396428044
107,35,2023-02-01,2023-03-03,2023-03-03,2023-03-10,crisis,2,120,meseta,False,384,-1.7107462465710415,0,,,22,185,0.5145415105824785,9,7.348591223350859,11,1.6135523389898703,13,2.3063705381021347,1.1545809202896042,0.8980774293698912
108,38,2023-03-28,2023-04-07,2023-04-07,2023-04-14,tendencia,0,120,meseta,False,55,-6.9246636871039,0,,,6,193,0.45484935305186813,12,6.589094623326226,47,1.8625206547904902,9,1.6482553599336487,1.4561343532216753,0.923358982110022
109,38,2023-03-28,2023-04-07,2023-04-07,2023-04-14,reversion,1,120,meseta,False,18,-17.051996176171176,127,-3.2991643614216617,,19,114,0.1829555955794077,30,14.015777375983848,15,1.6201659729007634,21,3.597445681875819,1.1730042175183195,0.9872174125613138
110,38,2023-03-28,2023-04-07,2023-04-07,2023-04-14,crisis,2,120,meseta,False,17,-22.006155717432343,0,,,9,100,0.2683205977814635,14,5.041147178702283,23,1.876876952824735,28,2.1469963828020426,1.2780738299489351,0.9391364865785465
111,39,2023-03-28,2023-04-14,2023-04-14,2023-04-21,tendencia,0,120,meseta,False,48,-6.712726960593438,100,-5.589342240757941,,19,181,0.2174431629236106,24,5.526388926165871,28,2.927287836252171,9,1.268909121556578,4.998624077141161,0.9191700033121072
112,39,2023-03-28,2023-04-14,2023-04-14,2023-04-21,reversion,1,120,meseta,False,233,-2.33558719798285,24,-20.723315850874645,,7,172,0.957148932799425,9,6.2229554252296735,11,1.9285571039931215,28,1.3537487730190099,1.4361861807014469,0.975363684079797
113,39,2023-03-28,2023-04-14,2023-04-14,2023-04-21,crisis,2,120,meseta,False,79,-5.745497704973368,0,,,5,178,0.6777901106981803,10,6.524582024605521,55,2.2762428428906722,23,1.6042059249825373,1.2501797304064086,0.8666460468993963
114,40,2023-03-28,2023-04-21,2023-04-21,2023-04-28,tendencia,0,120,meseta,False,304,-1.9182722674932902,82,-5.313273811509012,,7,155,0.11049713992046159,11,7.14464224310615,51,1.9993510111522839,15,3.291206965164108,1.0590563411129952,0.8882560662042525
115,40,2023-03-28,2023-04-21,2023-04-21,2023-04-28,reversion,1,120,meseta,False,169,-2.9643938698796526,0,,,36,187,0.596342352168586,10,7.330146561566009,18,3.28521832636809,22,1.2464316471141228,1.0565743114436301,0.9588543426935634
116,40,2023-03-28,2023-04-21,2023-04-21,2023-04-28,crisis,2,120,meseta,False,93,-4.665099666344282,180,-2.932606396366881,,17,200,0.39758340884241783,23,5.141982812388016,12,1.5159119763590454,18,1.0750275406605845,1.5159328093966058,0.94709887955064
117,41,2023-03-29,2023-04-28,2023-04-28,2023-05-05,tendencia,0,120,meseta,False,332,-1.8810463977179996,0,,,8,149,0.1762137572430682,8,12.327090573438054,17,1.7509768434523452,19,2.1471922874731173,1.265217294196136,0.9127989088279561
118,41,2023-03-29,2023-04-28,2023-04-28,2023-05-05,reversion,1,120,meseta,False,570,-1.3195970118610263,0,,,32,77,0.09773501196995683,10,8.348928092746581,12,1.9559802595470646,25,1.1615362033838257,1.1068076162914917,0.964435460280164
119,41,2023-03-29,2023-04-28,2023-04-28,2023-05-05,crisis,2,120,meseta,False,82,-3.7359268663406864,147,-2.9396868558615488,,39,195,0.04767126924394054,12,7.548365820526758,40,2.3121833565905203,26,3.7108607548620474,1.3492058607759572,0.9407332283222288
120,42,2023-04-05,2023-05-05,2023-05-05,2023-05-12,tendencia,0,120,meseta,False,568,-1.4593065912231185,253,-2.3224989368943847,,35,143,0.9478633309385583,9,6.446547829060884,47,1.7646512980539266,22,1.120606652957376,1.1578610903516127,0.8293765480867956
121,42,2023-04-05,2023-05-05,2023-05-05,2023-05-12,reversion,1,120,meseta,False,533,-1.36910227807101,38,-11.816026439749942,,7,171,0.16684074238193197,10,5.418101312722238,49,3.3543174410750316,23,1.0715948297394253,1.3128645481693042,0.9589295353655555
122,42,2023-04-05,2023-05-05,2023-05-05,2023-05-12,crisis,2,120,meseta,False,270,-1.8257120787290606,33,-16.344345611698667,,30,69,0.013808493522449714,9,5.696770134737695,13,1.895957237283556,23,2.8615899191828795,1.257181562606152,0.9083761049989343
123,43,2023-04-12,2023-05-12,2023-05-12,2023-05-19,tendencia,0,120,meseta,False,412,-1.7733713776122366,137,-3.972663314172765,,22,81,0.5103957066173961,8,9.511806892316406,60,3.360810890181538,22,1.1314421799807792,1.1494958724687219,0.8069927206400901
124,43,2023-04-12,2023-05-12,2023-05-12,2023-05-19,reversion,1,120,meseta,False,269,-1.8551956861500576,27,-15.308060511707703,,30,159,0.15289722101946496,7,9.514134280352236,18,1.5217408972936628,7,3.4397024602776143,2.3380575631752833,0.9595193984611364
125,43,2023-04-12,2023-05-12,2023-05-12,2023-05-19,crisis,2,120,meseta,False,369,-1.5521082946571514,84,-5.018054360585861,,7,59,0.04684039159837703,12,6.94998998872502,43,3.0637034288307277,10,1.2293441410357488,1.3784989465331803,0.9677607655120064
126,44,2023-04-19,2023-05-19,2023-05-19,2023-05-26,tendencia,0,120,meseta,False,223,-2.119019246628385,116,-3.6136729127756926,,27,81,0.485366834472198,25,5.6586204477795805,57,3.0112177778808187,12,3.5985042296958794,1.2776063539294304,0.9941481207232636
127,44,2023-04-19,2023-05-19,2023-05-19,2023-05-26,reversion,1,120,meseta,False,191,-2.6600310174193487,0,,,7,56,0.43880441937385906,8,7.399835801594167,24,3.3963699117464397,11,2.2198954554940618,3.4122139077035536,0.9763093524034155
128,44,2023-04-19,2023-05-19,2023-05-19,2023-05-26,crisis,2,120,meseta,False,274,-1.9288425995089509,0,,,5,67,0.5447630817525493,24,6.429737331427246,48,2.7901670765072586,12,1.2166421668344078,1.1643507897431273,0.9710310013906136
129,45,2023-04-26,2023-05-26,2023-05-26,2023-06-02,tendencia,0,120,meseta,False,151,-2.7887747464155432,130,-3.0574567675724476,,7,105,0.02074313220821802,18,12.756114025703258,40,1.6977382473367402,14,3.7960121757183463,1.2665898771261739,0.9712514834829369
130,45,2023-04-26,2023-05-26,2023-05-26,2023-06-02,reversion,1,120,meseta,False,349,-1.7240968104291552,0,,,36,163,0.05247182008698063,25,7.405994443561027,49,1.663614977028978,16,1.192055525822974,1.06970663042571,0.9446211648441857
131,45,2023-04-26,2023-05-26,2023-05-26,2023-06-02,crisis,2,120,meseta,False,414,-1.5840973151881343,0,,,33,127,0.848396807469726,29,6.243349192603408,16,1.5680570096864053,12,1.040195860374768,1.4506538249397245,0.8962854522699497
132,46,2023-05-03,2023-06-02,2023-06-02,2023-06-09,tendencia,0,120,meseta,False,423,-1.5435668735056716,199,-2.6711141087616777,,36,133,0.2647878524791828,26,5.507633050044144,12,3.28863716634877,19,1.3403161493154807,1.217714829427775,0.9605013904329094
133,46,2023-05-03,2023-06-02,2023-06-02,2023-06-09,reversion,1,120,meseta,False,392,-1.5404093700256627,81,-4.961140020937143,,13,67,0.21296763897249077,7,7.299768445398058,35,2.150211518847008,26,2.063180462593812,1.2706583961406903,0.9426442279751233
134,46,2023-05-03,2023-06-02,2023-06-02,2023-06-09,crisis,2,120,meseta,False,106,-4.23610162031958,0,,,38,96,0.026903734429333772,11,13.729493639068865,41,2.9539358007369785,28,3.777818712235067,1.0276806277771204,0.9584679836569875
135,47,2023-05-10,2023-06-09,2023-06-09,2023-06-16,tendencia,0,120,meseta,False,262,-2.0831655254482992,379,-1.6331479682896104,,12,59,0.14036125822467727,9,5.898664395889454,42,2.6384504300785125,29,1.0794094106188714,1.2766625727550498,0.9653216173721204
136,47,2023-05-10,2023-06-09,2023-06-09,2023-06-16,reversion,1,120,meseta,False,568,-1.3228425539754074,0,,,17,181,0.9392664906547201,7,17.748025929849383,41,1.5895140248521158,18,1.4633311960452353,1.2509010198302761,0.9442767054516401
137,47,2023-05-10,2023-06-09,2023-06-09,2023-06-16,crisis,2,120,meseta,False,368,-1.6336070726068699,0,,,9,55,0.28751251601612615,9,5.224765848069411,51,3.263489456408184,13,1.226716655999562,1.1542291342574147,0.9785683807246103
138,48,2023-05-17,2023-06-16,2023-06-16,2023-06-23,tendencia,0,120,meseta,False,132,-3.6017338563102634,101,-4.584622296302431,,6,78,0.5739384395707566,25,6.3219873511866655,37,2.505049493350105,18,1.2786597399718111,1.5092101836018803,0.9719744098643261
139,48,2023-05-17,2023-06-16,2023-06-16,2023-06-23,reversion,1,120,meseta,False,445,-1.4514450175284004,92,-4.913068675045257,,10,87,0.3904156984957762,7,7.192540187830792,39,3.265123888617551,21,3.495130865391098,1.2405043186923073,0.936006112391963
140,48,2023-05-17,2023-06-16,2023-06-16,2023-06-23,crisis,2,120,meseta,False,428,-1.556460143163284,67,-6.5710279506468785,,7,171,0.20533059299576897,19,5.4589688836530845,42,1.6636334563558584,11,1.298874974623631,1.3563633554071655,0.9597553440959635
141,49,2023-05-24,2023-06-23,2023-06-23,2023-06-30,tendencia,0,120,meseta,False,8,35.23977367696566,4,-17.508272092037917,-0.4968327053553732,40,113,0.7924165583145433,24,23.541373749464686,48,3.3383106836197114,13,3.1003952579714773,5.775910387427113,0.6669672437516828
142,49,2023-05-24,2023-06-23,2023-06-23,2023-06-30,reversion,1,120,meseta,False,490,-1.378750578339888,0,,,36,95,0.1047464101269823,7,6.900144052853202,18,2.652601638103723,13,2.5822374510147412,1.1506626787941754,0.97063657581444
143,49,2023-05-24,2023-06-23,2023-06-23,2023-06-30,crisis,2,120,meseta,False,451,-1.6749778378928326,198,-2.8033555267575565,,6,104,0.5139731908699876,11,6.289730525180877,12,3.162853779753469,27,1.2671384590033714,1.1566054700111337,0.7793968654971792
144,50,2023-05-31,2023-06-30,2023-06-30,2023-07-07,tendencia,0,120,meseta,False,554,-1.3505963708160753,113,-4.2006884573080425,,10,66,0.24628288010624586,28,6.006013090443582,49,1.758811738450157,28,1.124369593641709,1.0550277184260073,0.9875640904596252
145,50,2023-05-31,2023-06-30,2023-06-30,2023-07-07,reversion,1,120,meseta,False,387,-1.5913307006727178,146,-3.104696905813651,,9,123,0.08107759052493314,9,8.588671798320206,58,2.874985943905401,16,2.5549788777940865,1.1542574459159134,0.9236836776221162
146,50,2023-05-31,2023-06-30,2023-06-30,2023-07-07,crisis,2,120,meseta,False,143,-2.6901804989988665,0,,,30,104,0.06916174961235007,8,5.843692245180716,52,3.4055587103597413,14,3.2242533981918706,1.4367037180721043,0.9534902771361067
147,51,2023-06-07,2023-07-07,2023-07-07,2023-07-14,tendencia,0,120,meseta,False,493,-1.5296746255247213,279,-2.1077337711515334,,39,62,0.6984271980810927,8,7.61790796252423,29,1.9498695274721738,28,1.290098476810842,1.069052194500692,0.8758986523668567
148,51,2023-06-07,2023-07-07,2023-07-07,2023-07-14,reversion,1,120,meseta,False,325,-1.7090335717113878,0,,,10,68,0.2645811495349077,29,12.013877121204557,32,1.5697190014946087,9,1.1273332424061975,1.3233817375083547,0.9678061091169591
149,51,2023-06-07,2023-07-07,2023-07-07,2023-07-14,crisis,2,120,meseta,False,113,-3.3012118688142706,0,,,7,129,0.7400699160322664,8,5.053966608236331,59,2.909925081883559,18,1.6967749300280517,4.9685151434916826,0.9966904937471854
150,52,2023-06-14,2023-07-14,2023-07-14,2023-07-21,tendencia,0,120,meseta,False,426,-1.535068033180504,0,,,5,59,0.8862809329855155,30,9.430644565742739,18,1.62627577036512,27,2.424718488312879,1.103490870403398,0.9009203901968992
151,52,2023-06-14,2023-07-14,2023-07-14,2023-07-21,reversion,1,120,meseta,False,242,-2.211812138498273,181,-2.6961871841916802,,7,167,0.4929442509354241,7,13.120151678708375,21,3.46939049396507,7,2.3658932211101207,1.0682222876897227,0.9336193915458011
152,52,2023-06-14,2023-07-14,2023-07-14,2023-07-21,crisis,2,120,meseta,False,217,-2.3663695334169983,0,,,10,198,0.9748200359759084,28,5.400242477140193,34,3.248234563620873,21,1.6611056392558732,1.2192951671298062,0.9199344628383958
153,53,2023-06-21,2023-07-21,2023-07-21,2023-07-28,tendencia,0,120,meseta,False,537,-1.3984832604731658,262,-2.2433454527193657,,8,183,0.8546034771527709,17,8.002884213819117,29,2.4476308591388642,13,1.1611914533142587,1.1959986854781244,0.9094327260454823
154,53,2023-06-21,2023-07-21,2023-07-21,2023-07-28,reversion,1,120,meseta,False,197,-2.5508787346649258,0,,,14,69,0.9249746059522546,17,5.537265568270394,57,2.2654525754034207,21,3.721750603164364,1.145253201039107,0.8841937971696839
155,53,2023-06-21,2023-07-21,2023-07-21,2023-07-28,crisis,2,120,meseta,False,224,-2.017874027964024,0,,,27,86,0.4808143903286632,7,6.875273322376504,35,1.6556192289954395,10,2.9248844438688213,1.0849431968090395,0.995511630573557
156,54,2023-06-28,2023-07-28,2023-07-28,2023-08-04,tendencia,0,120,meseta,False,381,-1.6699520084246988,89,-5.580176046658117,,20,71,0.12150417224464347,28,6.496426123303095,30,2.753354525817565,30,3.03859921032244,1.3389682923243629,0.9452574262753142
157,54,2023-06-28,2023-07-28,2023-07-28,2023-08-04,reversion,1,120,meseta,False,238,-2.0921617922031146,121,-3.8710270489010354,,28,192,0.8589291574969158,21,5.001630054750259,19,1.5372710043326447,11,3.3904961616553964,1.0247651201668353,0.9374733529110151
158,54,2023-06-28,2023-07-28,2023-07-28,2023-08-04,crisis,2,120,meseta,False,373,-1.6263518844037577,0,,,12,122,0.5559736098478893,14,6.810727932008277,54,2.1349371250136526,24,1.1388584186127828,1.129906015788695,0.9812623929472513
159,55,2023-07-05,2023-08-04,2023-08-04,2023-08-11,tendencia,0,120,meseta,False,259,-2.206081758771033,0,,,11,191,0.6068435330950122,13,6.003345300215564,40,3.1854092275224897,23,1.0471556463980538,4.494532842080207,0.9760330445376993
160,55,2023-07-05,2023-08-04,2023-08-04,2023-08-11,reversion,1,120,meseta,False,419,-1.7849316665135482,352,-1.9778043710222657,,10,199,0.6795651234196928,29,5.355315537417735,41,1.707084088523776,28,1.0626756876456651,1.4183646888509742,0.8194548658442868
161,55,2023-07-05,2023-08-04,2023-08-04,2023-08-11,crisis,2,120,meseta,False,323,-1.7379229844008672,0,,,16,65,0.8076842489286044,11,5.007076627395861,49,1.8027627084048397,26,1.6703991394452562,1.4450379247787273,0.9968910399482956
162,56,2023-07-12,2023-08-11,2023-08-11,2023-08-18,tendencia,0,120,meseta,False,521,-1.4167376430480407,319,-1.8385323179932396,,20,173,0.2603224731507741,9,8.01650120550748,17,1.743439735018324,28,1.1835964618294559,2.079476201198731,0.9780824292381564
163,56,2023-07-12,2023-08-11,2023-08-11,2023-08-18,reversion,1,120,meseta,False,194,-2.6162086132947744,0,,,35,179,0.5972844297524419,10,7.668498438721347,59,3.223267235538555,30,3.2958464595062678,1.0888655967270273,0.9612112856755227
164,56,2023-07-12,2023-08-11,2023-08-11,2023-08-18,crisis,2,120,meseta,False,261,-2.2252493881786584,0,,,33,133,0.9948020444426803,7,6.7074184528466505,53,1.6972494212855462,8,1.3234079743235223,2.6075721208430593,0.911136860395448
165,57,2023-07-19,2023-08-18,2023-08-18,2023-08-25,tendencia,0,120,meseta,False,335,-1.8414737172159947,27,-17.52352338205245,,30,53,0.1292952971309611,9,5.330326915089816,57,1.7835839464935146,24,3.4841933364948043,1.1421646322691166,0.8789709668656194
166,57,2023-07-19,2023-08-18,2023-08-18,2023-08-25,reversion,1,120,meseta,False,623,-1.3453133769822252,0,,,11,184,0.8777213949285405,11,6.0300611957248345,31,3.3880143199670933,30,1.1237568550685144,1.1885353901690612,0.8760000924907654
167,57,2023-07-19,2023-08-18,2023-08-18,2023-08-25,crisis,2,120,meseta,False,256,-2.1766093000815627,246,-2.132400267332117,,30,79,0.19394986531476727,11,5.243971628179353,29,3.3121406216799696,13,1.3143986908214689,1.2918317243885868,0.9721707825263425
168,58,2023-07-26,2023-08-25,2023-08-25,2023-09-01,tendencia,0,120,meseta,False,81,-6.1393303039026454,20,-21.510317378187423,,38,155,0.7750952321749173,28,6.188265734146935,52,1.5458660662433903,28,2.0614081837680938,1.209624950915867,0.8518134165907227
169,58,2023-07-26,2023-08-25,2023-08-25,2023-09-01,reversion,1,120,meseta,False,818,-1.1604809471847302,198,-2.551461520073479,,22,174,0.44830145606072075,15,7.200224132650717,52,2.08337144785383,13,1.820973980165194,1.0230968207796771,0.9501412144500123
170,58,2023-07-26,2023-08-25,2023-08-25,2023-09-01,crisis,2,120,meseta,False,262,-2.080294975838703,3,601301919.2731662,,33,56,0.07039001307163416,10,5.781749306726446,52,3.3527323494830332,8,1.129773291845039,1.4447331232477898,0.9750132440785859
171,59,2023-08-02,2023-09-01,2023-09-01,2023-09-08,tendencia,0,120,meseta,False,78,-5.408064600490981,4,-81.87027586199203,,12,55,0.7229187150610709,9,11.632373563533724,34,3.3481143186455085,24,2.3462443096205994,1.047115525389661,0.9519106152215195
172,59,2023-08-02,2023-09-01,2023-09-01,2023-09-08,reversion,1,120,meseta,False,561,-1.3749177411843463,158,-3.1177032315527513,,6,160,0.044576685576637035,25,15.930661908103199,30,1.5281378770778176,7,1.201896267415822,1.3422064040438244,0.9479757304534916
173,59,2023-08-02,2023-09-01,2023-09-01,2023-09-08,crisis,2,120,meseta,False,347,-1.767002695343095,57,-7.352491013653894,,7,83,0.26438453185854943,15,5.103692882795741,38,3.1917516662489036,13,1.2216927302926697,1.175885539794193,0.9290988603371145
174,60,2023-08-09,2023-09-08,2023-09-08,2023-09-15,tendencia,0,120,meseta,False,411,-1.7006344930470143,0,,,35,160,0.8649809713988413,12,5.805448377979574,34,1.9164277812570807,22,1.4328805323696152,1.203504068278722,0.8512143873650202
175,60,2023-08-09,2023-09-08,2023-09-08,2023-09-15,reversion,1,120,meseta,False,311,-1.9287189312291209,166,-3.1193206188107956,,7,192,0.9251727419242619,22,6.790733457351015,51,1.756166236257575,25,1.3638933657888574,3.488568214695887,0.9710479319840802
176,60,2023-08-09,2023-09-08,2023-09-08,2023-09-15,crisis,2,120,meseta,False,458,-1.5580766153490553,0,,,9,177,0.9034764138481793,11,5.393200741491617,14,1.5577900690263164,28,1.3378929274335678,1.1306257008613299,0.8676358581606677
177,61,2023-08-16,2023-09-15,2023-09-15,2023-09-22,tendencia,0,120,meseta,False,152,-3.0242998989766634,18,-22.00399934600254,,36,66,0.9356980287523484,22,8.745994695751902,33,1.5693954389746236,27,1.6782089726285585,1.0848581845951615,0.9999567904851112
178,61,2023-08-16,2023-09-15,2023-09-15,2023-09-22,reversion,1,120,meseta,False,537,-1.3574238903923688,182,-2.7830978047372152,,27,185,0.3208397068238847,8,8.877905661555136,59,2.9160099237565555,27,1.7420800373103171,1.5490254612422425,0.9543502630858545
179,61,2023-08-16,2023-09-15,2023-09-15,2023-09-22,crisis,2,120,meseta,False,205,-2.4470512591909497,13,-30.34984621453373,,12,75,0.025239141219599526,24,13.14807436167544,20,1.62245889584468,19,1.317451168716302,1.1963872397819317,0.9678726445642792
180,62,2023-08-23,2023-09-22,2023-09-22,2023-09-29,tendencia,0,120,meseta,False,452,-1.5161122523079935,100,-4.995486518797878,,36,164,0.011150378671270389,12,16.803856623065997,33,1.5177363547209564,29,1.333401260822612,1.0692694580505115,0.9208441049929452
181,62,2023-08-23,2023-09-22,2023-09-22,2023-09-29,reversion,1,120,meseta,False,482,-1.4592432900856647,127,-4.017537290273017,,6,131,0.9593781460297233,11,9.684858547721507,59,1.5002962233880313,25,2.8852038760811407,1.119035850644022,0.8789637429813869
182,62,2023-08-23,2023-09-22,2023-09-22,2023-09-29,crisis,2,120,meseta,False,58,-7.805775958399621,0,,,6,65,0.626466497305548,7,14.439325018757115,11,3.103161940570206,22,3.702011475701406,1.2226526552351036,0.9549101934113203
183,63,2023-08-30,2023-09-29,2023-09-29,2023-10-06,tendencia,0,120,meseta,False,317,-1.849271057185073,96,-4.599938179808839,,11,96,0.0014340441271566235,7,8.050637054707684,19,3.0289943639587524,10,1.551761771985742,1.3497968664547773,0.9887408753646459
184,63,2023-08-30,2023-09-29,2023-09-29,2023-10-06,reversion,1,120,meseta,False,377,-1.6535760941403743,170,-3.0236376443732538,,22,196,0.7579595213761932,16,5.2906538474364435,53,2.518990519598123,28,1.2389607924318535,1.7156790695167567,0.9649606833942291
185,63,2023-08-30,2023-09-29,2023-09-29,2023-10-06,crisis,2,120,meseta,False,236,-2.125608359065108,0,,,23,143,0.1615982449688783,7,7.1297518545068295,13,1.6361579867377456,28,3.619635117644523,5.049721727509418,0.9554190083479589
186,64,2023-09-06,2023-10-06,2023-10-06,2023-10-13,tendencia,0,120,meseta,False,543,-1.376659945802233,0,,,8,67,0.5417276749471983,11,6.005485831798287,54,2.804273322339117,10,1.2522759435245758,1.2060981749069528,0.952130795916209
187,64,2023-09-06,2023-10-06,2023-10-06,2023-10-13,reversion,1,120,meseta,False,448,-1.4791254658945916,60,-7.399051684311093,,33,177,0.21642067673328963,8,13.893987955377973,47,2.2612260112189104,28,1.1870871722566099,1.1695909738661447,0.9671198873072944
188,64,2023-09-06,2023-10-06,2023-10-06,2023-10-13,crisis,2,120,meseta,False,213,-2.6123662752673424,258,-2.191938864186156,,40,75,0.42088352014936864,13,5.3106308598723,23,1.6879039773788196,10,1.0868820542713122,1.352567356800615,0.9014041103154325
189,65,2023-09-13,2023-10-13,2023-10-13,2023-10-20,tendencia,0,120,meseta,False,132,-4.258823458055142,42,-10.08547764314013,,28,104,0.18381529605222655,7,5.190854071983979,10,2.9639207239826537,7,1.1162589791209512,1.1502682918915361,0.7944668219260219
190,65,2023-09-13,2023-10-13,2023-10-13,2023-10-20,reversion,1,120,meseta,False,492,-1.3938691856428935,0,,,6,177,0.7080187153788505,9,8.016311532229162,17,2.403404803353346,23,1.6716379206951983,1.0618733911745848,0.9955724082097916
191,65,2023-09-13,2023-10-13,2023-10-13,2023-10-20,crisis,2,120,meseta,False,574,-1.2947744860182238,244,-2.0995049047407504,,11,98,0.7370973451707197,8,14.76257301813289,15,1.6655261848184457,10,1.2091070169772933,1.6180534814161356,0.9999650427918926
192,66,2023-09-20,2023-10-20,2023-10-20,2023-10-27,tendencia,0,120,meseta,False,403,-1.5462190615796945,0,,,10,181,0.16000186665931138,8,5.84977867574998,12,1.7293367565933575,12,2.08047711272546,4.460574899096949,0.985485958890457
193,66,2023-09-20,2023-10-20,2023-10-20,2023-10-27,reversion,1,120,meseta,False,355,-1.6731045016717827,19,-16.958224423328506,,10,164,0.2760848462129655,13,5.7817324598010345,42,3.426890753426695,7,2.04156876116389,1.256068466368374,0.9395028174243277
194,66,2023-09-20,2023-10-20,2023-10-20,2023-10-27,crisis,2,120,meseta,False,237,-2.3079955635830975,451,-1.530775973490772,,5,103,0.31859573977298655,8,5.009152946231136,18,1.9271656728470212,23,1.0324795203085637,1.1118067849042033,0.9213258979941947
195,67,2023-09-27,2023-10-27,2023-10-27,2023-11-03,tendencia,0,120,meseta,False,525,-1.4006099018481357,82,-6.425042895040768,,14,180,0.5681566073488376,9,20.907649693175873,35,1.5790494179310166,20,1.2536771868921042,1.869743330102679,0.9472971415429413
196,67,2023-09-27,2023-10-27,2023-10-27,2023-11-03,reversion,1,120,meseta,False,254,-2.199289256425176,0,,,12,173,0.7054733279015043,28,5.961500893581196,54,1.6074008818316623,21,2.4507819622844913,1.1413620713010078,0.8980869228659476
197,67,2023-09-27,2023-10-27,2023-10-27,2023-11-03,crisis,2,120,meseta,False,108,-3.842719426197381,160,-3.0629277016549614,,40,162,0.5430859406336401,17,8.159148983909965,15,1.7125603851691267,10,1.2160561110794552,1.593100985243856,0.9347403200074924
198,68,2023-10-04,2023-11-03,2023-11-03,2023-11-10,tendencia,0,120,meseta,False,273,-2.020908009933155,0,,,6,185,0.9421181696596487,27,6.9173203192769,12,1.708593697433975,11,1.548028928818039,1.1804623444461235,0.964338280760157
199,68,2023-10-04,2023-11-03,2023-11-03,2023-11-10,reversion,1,120,meseta,False,309,-2.034140653341736,132,-3.8729561806022157,,7,54,0.5082347327474606,9,21.215813005950483,12,1.6626469790516283,27,1.3569360605640997,3.9780441817941408,0.9520978200013599
200,68,2023-10-04,2023-11-03,2023-11-03,2023-11-10,crisis,2,120,meseta,False,214,-2.295992834234832,0,,,31,95,0.7577312064945184,9,18.981686401104046,59,1.5262329545594246,19,1.049023884522754,1.4621842362295183,0.9881791235749172
201,69,2023-10-11,2023-11-10,2023-11-10,2023-11-17,tendencia,0,120,meseta,False,409,-1.5229118418170353,147,-3.2436322557533632,,17,81,0.15847857037121385,11,9.00301348573236,39,1.6590928288921925,24,3.671164483020887,1.730320231710787,0.9141290710436811
202,69,2023-10-11,2023-11-10,2023-11-10,2023-11-17,reversion,1,120,meseta,False,144,-3.5718312945803765,28,-13.440952551461642,,39,154,0.947550192671957,7,6.247103116577751,39,1.5563699018214938,7,1.6815214059399062,4.050229346822238,0.921394134533743
203,69,2023-10-11,2023-11-10,2023-11-10,2023-11-17,crisis,2,120,meseta,False,237,-2.6712679556884678,0,,,40,189,0.1411417587584281,8,11.647001647936925,49,2.227468566907515,18,1.3088126856904188,1.2894000728471653,0.7521708094375398
204,70,2023-10-18,2023-11-17,2023-11-17,2023-11-24,tendencia,0,120,meseta,False,433,-1.53093899961634,250,-2.1346385444419154,,34,186,0.7223157171140983,9,6.219031457416913,23,1.578024075158281,9,2.1127696334946178,1.6306248797331455,0.9743250665994203
205,70,2023-10-18,2023-11-17,2023-11-17,2023-11-24,reversion,1,120,meseta,False,453,-1.503075985747554,0,,,5,147,0.5684602242574225,8,9.568260187501417,12,2.1197499156569446,19,2.315366585733527,1.1912560693417564,0.9132205598019797
206,70,2023-10-18,2023-11-17,2023-11-17,2023-11-24,crisis,2,120,meseta,False,363,-1.6814193132271227,0,,,6,81,0.8971536487987746,15,5.739811769183188,18,3.189978051883031,22,1.1270312974136842,1.1141324258717875,0.9650383380454753
207,71,2023-10-25,2023-11-24,2023-11-24,2023-12-01,tendencia,0,120,meseta,False,336,-1.8801730943782882,0,,,26,67,0.2117974322054206,7,22.722047084552425,24,1.6637241588952871,30,1.1369604788433032,1.2751244028495374,0.9021374608124504
208,71,2023-10-25,2023-11-24,2023-11-24,2023-12-01,reversion,1,120,meseta,False,683,-1.4918005151692673,343,-2.3518319245833927,,31,198,0.43253594768706244,8,5.3976674431156395,11,1.5422282243474232,24,3.502783291641874,1.1053099298349776,0.5978858757268134
209,71,2023-10-25,2023-11-24,2023-11-24,2023-12-01,crisis,2,120,meseta,False,156,-2.97558288035563,0,,,8,182,0.377478413302047,10,9.137415766559025,31,1.577482063693829,30,3.5557291006420675,1.6107053688452897,0.9458737454861501
210,72,2023-11-01,2023-12-01,2023-12-01,2023-12-08,tendencia,0,120,meseta,False,532,-1.4250680213078366,99,-5.053275211045278,,39,194,0.0894750737121876,10,6.118761461227389,11,1.6416625486235914,14,1.1814491900013726,3.3939955690453356,0.9544616966558908
211,72,2023-11-01,2023-12-01,2023-12-01,2023-12-08,reversion,1,120,meseta,False,157,-2.5901886236686242,133,-3.3674944439249903,,16,185,0.8154227153784468,9,5.83078002077442,45,1.9209367222976255,16,3.4395850941018007,1.2486313648190992,0.9926506159681892
212,72,2023-11-01,2023-12-01,2023-12-01,2023-12-08,crisis,2,120,meseta,False,432,-1.5596283184768225,0,,,7,50,0.4177157174845937,10,5.716903731308741,47,3.2284847283781355,30,1.1810617765460805,1.6939108047968947,0.948701189285124
213,73,2023-11-08,2023-12-08,2023-12-08,2023-12-15,tendencia,0,120,meseta,False,440,-1.6456017682594506,0,,,10,179,0.7468041021192124,10,6.313863225817405,27,1.7400907701216057,13,1.1686793744843083,1.4024031987572285,0.8411229704640844
214,73,2023-11-08,2023-12-08,2023-12-08,2023-12-15,reversion,1,120,meseta,False,442,-1.4230941190461208,110,-3.8768390207051198,,35,164,0.9591859763940939,8,7.532497246135072,22,1.5750332684164725,30,3.602069429787118,1.4863184353692431,0.9912201631289989
215,73,2023-11-08,2023-12-08,2023-12-08,2023-12-15,crisis,2,120,meseta,False,343,-1.7528664211950475,152,-3.0078887949380957,,33,58,0.6363458844518358,7,7.152257972195468,53,2.4717204105293704,9,1.131888556708226,1.0010900757906,0.9545352353077852
216,74,2023-11-15,2023-12-15,2023-12-15,2023-12-22,tendencia,0,120,meseta,False,255,-2.0947619394098,0,,,34,198,0.5379340289623963,10,12.850401446434367,59,1.682071554057211,11,1.6483894227300453,1.2682095836821992,0.9701472128195036
217,74,2023-11-15,2023-12-15,2023-12-15,2023-12-22,reversion,1,120,meseta,False,432,-1.6293704950654453,76,-6.726440096160318,,39,131,0.3595034841401517,11,7.014125178414887,59,2.8919452201898324,10,1.111140128409392,1.1063565180666985,0.8622382716841244
218,74,2023-11-15,2023-12-15,2023-12-15,2023-12-22,crisis,2,120,meseta,False,686,-1.282582319119375,332,-1.8929264025830548,,12,164,0.5604916910911514,8,5.663202882128977,22,1.635870443443401,20,1.1469875170193071,1.2039789692731648,0.8610200612198473
219,75,2023-11-22,2023-12-22,2023-12-22,2023-12-29,tendencia,0,120,meseta,False,379,-1.6928019788296442,26,-15.982048715395448,,5,188,0.9387554773567128,19,6.704490230265973,46,3.392567390057672,16,1.0091712253024836,1.038432627134814,0.909213455136407
220,75,2023-11-22,2023-12-22,2023-12-22,2023-12-29,reversion,1,120,meseta,False,511,-1.4554893466573369,316,-1.9173233425042133,,27,61,0.03280965568820392,7,7.235251300278558,40,1.894753954677494,29,1.0773672902538314,1.4024160040824518,0.934752524804874
221,75,2023-11-22,2023-12-22,2023-12-22,2023-12-29,crisis,2,120,meseta,False,334,-1.6877327823046666,0,,,17,57,0.6382326935477489,16,6.610113161895492,55,1.6214008608279253,16,3.621096734874745,1.158935570953226,0.9564107210553285
