,Y,volumen_diario_usd,impacto_promedio_frac,costo_friccion_total,pnl_con_friccion
0,0.5,5000000000.0,1.0853367838981335e-05,1641.499152807518,-22409.390953780876
1,0.5,17500000000.0,5.801369135157034e-06,1578.9507197143778,-22346.842520687736
2,0.5,30000000000.0,4.430868866039601e-06,1561.982654318373,-22329.87445529173
3,0.75,5000000000.0,1.6280051758472e-05,1708.6865366441239,-22476.57833761748
4,0.75,17500000000.0,8.702053702735552e-06,1614.863887004414,-22382.75568797777
5,0.75,30000000000.0,6.646303299059402e-06,1589.411788910407,-22357.303589883762
6,1.0,5000000000.0,2.170673567796267e-05,1775.8739204807302,-22543.76572145409
7,1.0,17500000000.0,1.1602738270314069e-05,1650.7770542944504,-22418.668855267806
8,1.0,30000000000.0,8.861737732079202e-06,1616.8409235024405,-22384.732724475798
