Datetime,retorno_ME
2022-07-31,-0.06285135833077704
2022-08-31,-0.06087533309151827
2022-09-30,-0.0122770421538686
2022-10-31,-0.02578589245453533
2022-11-30,-0.07945125285489274
2022-12-31,-0.01899764323742348
2023-01-31,-0.006400791842631981
2023-02-28,-0.02986189873500822
2023-03-31,-0.005241688083950979
2023-04-30,-0.07837790048450044
2023-05-31,-0.03603621436783688
2023-06-30,-0.048073303485870245
2023-07-31,-0.05637897692323046
2023-08-31,-0.01257653777671841
2023-09-30,-0.022838235173745836
2023-10-31,-0.0403175705885046
2023-11-30,-0.044262647799732324
2023-12-31,-0.036761598832459774
