,regimen,parametro,variacion,calmar,retorno_total,n_operaciones
0,base,ninguno,0.0,-0.7413872690837251,-0.5385695957118114,1291
1,tendencia,ema_fast,+20%,-0.7369747893360901,-0.5202046597449433,1276
2,tendencia,ema_fast,-20%,-0.7431769212072247,-0.5459184931728749,1308
3,tendencia,ema_slow,+20%,-0.7342039201668793,-0.5085034152845579,1276
4,tendencia,ema_slow,-20%,-0.7462322322351074,-0.5583249711222317,1303
5,tendencia,trend_band_k,+20%,-0.7402666713126931,-0.5339381967805399,1283
6,tendencia,trend_band_k,-20%,-0.7463872854194513,-0.558949782171298,1306
7,tendencia,rsi_window,+20%,-0.7299370476942688,-0.4935578073046525,1207
8,tendencia,rsi_window,-20%,-0.7528449085081088,-0.5784855529924009,1405
9,tendencia,rsi_band,+20%,-0.7126843615798434,-0.41888401318154533,1135
10,tendencia,rsi_band,-20%,-0.763757008789615,-0.6207912108673563,1456
11,tendencia,boll_window,+20%,-0.7444081234158121,-0.5509394286670766,1301
12,tendencia,boll_window,-20%,-0.7398071749758706,-0.5320325874378591,1281
13,tendencia,boll_k,+20%,-0.7390714134396771,-0.5289734651753251,1259
14,tendencia,boll_k,-20%,-0.7692853092457488,-0.6565366590367103,1474
15,tendencia,atr_window,+20%,-0.7390644850826841,-0.5254348272699455,1314
16,tendencia,atr_window,-20%,-0.7443323323901312,-0.5513135472463525,1276
17,tendencia,sl_atr_mult,+20%,-0.738070736464445,-0.5232638456511813,1259
18,tendencia,sl_atr_mult,-20%,-0.7628933370148605,-0.6061944705897999,1365
19,tendencia,tp_atr_mult,+20%,-0.7260891871090134,-0.5015546457402089,1263
20,tendencia,tp_atr_mult,-20%,-0.7482443362864147,-0.562599422720072,1342
21,tendencia,position_fraction,+20%,-0.7549094689385758,-0.5955338343587783,1291
22,tendencia,position_fraction,-20%,-0.7273989121147136,-0.47395486476924653,1291
23,reversion,ema_fast,+20%,-0.7413276287980508,-0.5385274002885672,1285
24,reversion,ema_fast,-20%,-0.7426054307654153,-0.5402794307306855,1295
25,reversion,ema_slow,+20%,-0.7414436976488451,-0.5393541899231411,1288
26,reversion,ema_slow,-20%,-0.7431258224676497,-0.5426886072504709,1296
27,reversion,trend_band_k,+20%,-0.7413692284156194,-0.5387192643496765,1291
28,reversion,trend_band_k,-20%,-0.7412872160190624,-0.5381570045213337,1292
29,reversion,rsi_window,+20%,-0.7398037344904462,-0.5288579734465044,1238
30,reversion,rsi_window,-20%,-0.7434028652282014,-0.5486276321992385,1383
31,reversion,rsi_band,+20%,-0.7422508830578942,-0.5372312157066397,1211
32,reversion,rsi_band,-20%,-0.74557855646219,-0.5549246500102125,1435
33,reversion,boll_window,+20%,-0.7412675375358709,-0.5380758344240006,1295
34,reversion,boll_window,-20%,-0.7408085344073823,-0.53618053576785,1281
35,reversion,boll_k,+20%,-0.7405846516763236,-0.5352547042328852,1275
36,reversion,boll_k,-20%,-0.7461287533282235,-0.5531336444820507,1376
37,reversion,atr_window,+20%,-0.743016454910835,-0.5426630726036756,1304
38,reversion,atr_window,-20%,-0.7414212424589146,-0.5394817838398687,1287
39,reversion,sl_atr_mult,+20%,-0.7414791329720686,-0.5372423318836923,1287
40,reversion,sl_atr_mult,-20%,-0.7413381817198262,-0.5395548351133299,1298
41,reversion,tp_atr_mult,+20%,-0.7394086551584522,-0.5372209853351368,1283
42,reversion,tp_atr_mult,-20%,-0.7460708924568495,-0.5474189370232769,1311
43,reversion,position_fraction,+20%,-0.7414328958643525,-0.5413561302815859,1291
44,reversion,position_fraction,-20%,-0.741356892198967,-0.5357725536108544,1291
45,crisis,ema_fast,+20%,-0.7407646215274759,-0.5359990123173333,1284
46,crisis,ema_fast,-20%,-0.7410981817699017,-0.5373769819986974,1302
47,crisis,ema_slow,+20%,-0.7410202891658547,-0.5370553805142417,1289
48,crisis,ema_slow,-20%,-0.7410463776494005,-0.5371631064057563,1297
49,crisis,trend_band_k,+20%,-0.7415754582580568,-0.5393451407269723,1293
50,crisis,trend_band_k,-20%,-0.7413625856098001,-0.5384678248480159,1296
51,crisis,rsi_window,+20%,-0.7411445830675556,-0.5375685104242649,1288
52,crisis,rsi_window,-20%,-0.7429257591380893,-0.544890727004498,1316
53,crisis,rsi_band,+20%,-0.7421406045400252,-0.5416702568165441,1287
54,crisis,rsi_band,-20%,-0.7442866518149254,-0.5504453366528208,1335
55,crisis,boll_window,+20%,-0.7429901519612249,-0.5451543378112653,1283
56,crisis,boll_window,-20%,-0.7419926167711374,-0.5410619757561255,1310
57,crisis,boll_k,+20%,-0.7402787650780539,-0.5339883007619022,1210
58,crisis,boll_k,-20%,-0.74402097894808,-0.5493637193719756,1359
59,crisis,atr_window,+20%,-0.7412109432083729,-0.5378423540108773,1294
60,crisis,atr_window,-20%,-0.741442092817011,-0.5387955961898169,1282
61,crisis,sl_atr_mult,+20%,-0.7414882207906651,-0.5389857075206081,1269
62,crisis,sl_atr_mult,-20%,-0.7415275622544082,-0.5391478182756162,1314
63,crisis,tp_atr_mult,+20%,-0.7396151145051417,-0.5312349672815861,1266
64,crisis,tp_atr_mult,-20%,-0.7429014356705411,-0.5447911316254439,1338
65,crisis,position_fraction,+20%,-0.7435134614059447,-0.5472937745605584,1291
66,crisis,position_fraction,-20%,-0.7392425914871726,-0.5296860341295377,1291
