,comision,retorno_total,calmar,n_operaciones
0,0.0,0.3289085578421107,3.4223357206694875,1291
1,0.000156,0.16447444411457646,1.1513480559072404,1291
2,0.000312,0.020409182915644974,0.10336633821076578,1291
3,0.000469,-0.10656962843080597,-0.43033004126161084,1291
4,0.000625,-0.2170676732273038,-0.6018361727222596,1291
5,0.000781,-0.3138844514144794,-0.6721924839562725,1291
6,0.000938,-0.39922420300464023,-0.7064483469782536,1291
7,0.001094,-0.47349250083935335,-0.725014582718057,1291
8,0.00125,-0.5385695957118114,-0.7413872690837251,1291
9,0.0025,-0.839554370366521,-0.8400134968715744,1291
10,0.00375,-0.9441325994442391,-0.9050279122884273,1291
11,0.005,-0.9805196728835928,-0.9465073259618216,1291
12,0.007222,-0.9969958094276254,-0.9823448929313763,1291
13,0.009444,-0.9995346681570301,-0.9945410423113469,1291
14,0.011667,-0.9999276681453153,-0.998366238460118,1291
15,0.013889,-0.9999886982400427,-0.9995180979474175,1291
16,0.016111,-0.9999982264682814,-0.999858773646456,1291
17,0.018333,-0.9999997204888379,-0.9999586978248218,1291
18,0.020556,-0.9999999557963878,-0.9999879250933732,1291
19,0.022778,-0.9999999929737046,-0.9999964628372786,1291
20,0.025,-0.9999999988784065,-0.9999989616961193,1291
