,window,is_start,is_end,oos_start,oos_end,n_trials,selection_method,inherited,n_trades_is,calmar_is,n_trades_oos,calmar_oos,wfe,param_ema_fast,param_ema_slow,param_trend_band_k,param_rsi_window,param_rsi_band,param_boll_window,param_boll_k,param_atr_window,param_sl_atr_mult,param_tp_atr_mult,param_position_fraction
0,0,2022-06-01 00:00:00,2022-07-01,2022-07-01,2022-07-08,120,meseta,False,36,254.6720203268982,17,-7.221545964866583,-0.0283562597712814,12,67,0.7951607576015195,30,21.54576852706019,59,3.8438577380557803,7,4.969349339639245,7.889039817944551,0.7709005749879464
1,1,2022-06-08 00:00:00,2022-07-08,2022-07-08,2022-07-15,120,meseta,False,50,13.670790953674715,15,-27.167049472313384,-1.9872331867536068,20,195,0.7327447855562559,29,20.952427156749945,17,3.585339572316889,7,2.62424158034697,11.302965044899112,0.19720117446193555
2,2,2022-06-15 00:00:00,2022-07-15,2022-07-15,2022-07-22,120,meseta,False,52,10.158482384537537,14,-18.85207699186645,-1.8557965922706758,32,65,0.12719770970038208,23,27.934647638435628,48,3.405831538425903,26,4.404933719614163,10.999137270818606,0.6006437697120113
3,3,2022-06-22 00:00:00,2022-07-22,2022-07-22,2022-07-29,120,meseta,False,56,5.637190288730239,8,132.46804178162319,23.49894805688052,11,160,0.2887267769745406,27,25.552050059172473,50,3.567322975745444,17,2.935450845304664,10.487624559674337,0.15562465017999091
4,4,2022-06-29 00:00:00,2022-07-29,2022-07-29,2022-08-05,120,meseta,False,131,-5.872757113313158,32,-33.671773152264095,,33,127,0.08852302744571303,30,11.603139652307236,50,1.7727425195691016,8,4.400152078071475,11.188618785685518,0.10789014202787013
5,5,2022-07-06 00:00:00,2022-08-05,2022-08-05,2022-08-12,120,meseta,False,28,0.7379019219443443,10,-17.542200247206324,-23.7730784071998,18,153,0.8858317800133995,30,28.925506438999875,48,3.621807718630875,12,4.413637996041329,10.413873350185693,0.14361135319556262
6,6,2022-07-13 00:00:00,2022-08-12,2022-08-12,2022-08-19,120,meseta,False,21,13.921626593250526,5,-49.66905743494777,-3.5677625098081776,22,193,0.6269615897853111,30,26.566744531882584,17,3.829219443273439,18,1.7013275611519105,8.316727917664881,0.170135514094216
7,7,2022-07-20 00:00:00,2022-08-19,2022-08-19,2022-08-26,120,meseta,False,22,15.892260368893618,5,147.86521530871028,9.304228088166184,13,127,0.7796611821301087,24,29.59873533392135,15,3.7607173921008745,14,3.8758035875581633,9.545819025838671,0.9873084064137814
8,8,2022-07-27 00:00:00,2022-08-26,2022-08-26,2022-09-02,120,meseta,False,40,-3.9728532862137893,9,-45.20213950363786,,40,182,0.08086753863534032,26,27.90182551631642,10,3.924278088657522,21,2.560017348362178,4.734891441000146,0.1605228632662637
9,9,2022-08-03 00:00:00,2022-09-02,2022-09-02,2022-09-09,120,meseta,False,144,-10.15368510854252,39,-36.55957281854613,,37,159,0.06132168120996988,12,7.676476727592376,17,3.66778367415347,8,4.239516449387724,11.282810015837429,0.10860762616815846
10,10,2022-08-10 00:00:00,2022-09-09,2022-09-09,2022-09-16,120,meseta,False,38,3.2857280991184834,12,111.69109597291202,33.99279934419322,14,173,0.5085336594147196,28,26.992613486605123,47,3.8250128600000597,16,4.563559237090652,11.521649804799925,0.15789674061223677
11,11,2022-08-17 00:00:00,2022-09-16,2022-09-16,2022-09-23,120,meseta,False,29,9.20528025826491,8,-31.54577550264367,-3.426921790275801,32,187,0.12438820629031683,29,28.82352352422022,15,3.736873816591644,21,3.8740354812444715,3.76662432190333,0.10512885534432158
12,12,2022-08-24 00:00:00,2022-09-23,2022-09-23,2022-09-30,120,meseta,False,53,-5.792774675242315,14,4.767427595542193,,38,132,0.8914853057320129,17,28.907540646352086,31,3.913672036666598,9,3.4972003484209164,6.452776490088835,0.12497876813725164
13,13,2022-08-31 00:00:00,2022-09-30,2022-09-30,2022-10-07,120,meseta,False,12,59.148602791700995,2,-11.896387201526917,-0.20112710427702735,5,136,0.5137635893061576,29,29.458386628489794,10,3.0908034638382937,9,3.8465259597429147,11.288901629698582,0.7990520757038165
14,14,2022-09-07 00:00:00,2022-10-07,2022-10-07,2022-10-14,120,meseta,False,44,29.057931993001475,14,-21.353544680496764,-0.7348611279577538,9,52,0.4631100780881715,23,27.725574814732646,46,3.860721153660724,28,3.337823260007525,11.77363715408849,0.5939542597931502
15,15,2022-09-14 00:00:00,2022-10-14,2022-10-14,2022-10-21,120,meseta,False,33,6.720585668328507,10,-35.367693085940324,-5.262590915642135,33,192,0.6751016180580881,29,29.133355032502916,59,3.640073710309678,9,2.3275205238840466,8.02568684529687,0.15889089243435198
16,16,2022-09-21 00:00:00,2022-10-21,2022-10-21,2022-10-28,120,meseta,False,60,-10.982533074733846,16,-39.266555731609806,,37,120,0.07505751363243432,28,28.507547834493863,49,3.2590937696668747,19,4.549546422332412,8.157659951596514,0.10067290007968543
17,17,2022-09-28 00:00:00,2022-10-28,2022-10-28,2022-11-04,120,meseta,False,79,-7.819788285524461,17,-38.07473829840145,,31,189,0.6497892526244248,30,16.16102255799386,44,3.217354617442085,10,3.5437836357683254,9.894149014473028,0.11964562037725411
18,18,2022-10-05 00:00:00,2022-11-04,2022-11-04,2022-11-11,120,meseta,False,48,-10.60400832400276,15,-26.237943504068017,,37,197,0.02922022042787092,18,28.71891592500071,13,3.1393272237940164,26,2.5719521855028358,7.701613371723003,0.11948967293469262
19,19,2022-10-12 00:00:00,2022-11-11,2022-11-11,2022-11-18,120,meseta,False,77,2.598517805891028,16,-28.655101656031853,-11.027479431185219,38,69,0.2805266534494947,21,23.941793425268905,41,3.1612737657324907,27,3.8731521022555007,11.079605439522691,0.19324654607401115
20,20,2022-10-19 00:00:00,2022-11-18,2022-11-18,2022-11-25,120,meseta,False,34,-9.74444774793982,10,-26.845931929040205,,16,138,0.33323852978682134,24,28.999877103240646,45,3.9210310927811447,8,3.1813840514166767,7.113534463985655,0.13413279086925145
21,21,2022-10-26 00:00:00,2022-11-25,2022-11-25,2022-12-02,120,meseta,False,122,-8.962572211796095,30,-35.321254596411976,,10,98,0.19978372182071485,8,28.826384934356362,47,2.8548143681455533,8,4.044450511444373,11.881553411970488,0.17523744828928545
22,22,2022-11-02 00:00:00,2022-12-02,2022-12-02,2022-12-09,120,meseta,False,232,-7.731933058259279,57,-33.581565345681376,,26,82,0.1297068819058805,9,7.96048662183261,13,3.2917579120041522,8,2.7870932886106976,10.00041900128709,0.11869236355050122
23,23,2022-11-09 00:00:00,2022-12-09,2022-12-09,2022-12-16,120,meseta,False,112,-7.0821151948574,23,-16.85895189953122,,9,90,0.6198828081283039,25,14.104006050297421,57,3.0678979545317557,7,4.14805011218667,11.753396835160675,0.11999162637811586
24,24,2022-11-16 00:00:00,2022-12-16,2022-12-16,2022-12-23,120,meseta,False,59,-9.027514942698131,13,-2.85275497733524,,39,64,0.9922758926944053,21,29.13388832818962,47,2.861884470498543,30,4.936770885790853,11.670073290572363,0.12160343453284751
25,25,2022-11-23 00:00:00,2022-12-23,2022-12-23,2022-12-30,120,meseta,False,81,-10.304804126665374,13,-44.76142687494934,,8,194,0.8309780861958541,30,18.272139022188064,16,3.9794250093062695,13,1.8194919007721477,9.537436387561064,0.13836725119621293
26,26,2022-11-30 00:00:00,2022-12-30,2022-12-30,2023-01-06,120,meseta,False,42,-8.77864423107169,11,-38.02192117958765,,11,179,0.5763048935707564,20,28.594568883655068,58,3.80746561524056,9,1.5340546271223057,9.268061458258064,0.13494308604192515
27,27,2022-12-07 00:00:00,2023-01-06,2023-01-06,2023-01-13,120,meseta,False,20,2.260883986014211,5,123.29385886618428,54.533474352898224,31,190,0.6389844758158554,26,27.86689676200655,15,3.7552288921110852,9,4.593656234313867,8.232896119951223,0.15118504264060895
28,28,2022-12-14 00:00:00,2023-01-13,2023-01-13,2023-01-20,120,meseta,False,147,-8.68570110883553,46,-25.909811907892102,,29,101,0.9300698462555614,12,8.79028169004054,10,3.5227565346605996,14,4.185416135428327,10.925883960959915,0.11927416576720587
29,29,2022-12-21 00:00:00,2023-01-20,2023-01-20,2023-01-27,120,meseta,False,37,-4.958971503550984,12,12.412149620430723,,10,180,0.6588383495460524,23,28.725843844317453,59,3.9516984408663447,10,1.6946565118763364,5.761513415124778,0.11519486464264017
30,30,2022-12-28 00:00:00,2023-01-27,2023-01-27,2023-02-03,120,meseta,False,45,-6.072958217555356,11,-24.40411571696626,,14,191,0.35200766866970823,30,27.80340765636182,51,3.858433384071201,11,2.443151667055721,3.50800743895521,0.1582855381201245
31,31,2023-01-04 00:00:00,2023-02-03,2023-02-03,2023-02-10,120,meseta,False,60,1.3075904083865715,12,-23.953024995153,-18.31844654222304,40,185,0.8675752165602945,29,18.284294617150692,47,3.7799971301423505,7,2.5058438710323103,10.199928400964174,0.21200328466259266
32,32,2023-01-11 00:00:00,2023-02-10,2023-02-10,2023-02-17,120,meseta,False,44,24.972797189942273,15,186.8094252353525,7.480516652359212,14,66,0.05759702479235417,28,24.75419501586931,48,3.706152377871795,7,2.210220253392797,11.89673569212386,0.5199309972330125
33,33,2023-01-18 00:00:00,2023-02-17,2023-02-17,2023-02-24,120,meseta,False,36,10.914494396471305,8,-24.29789094661624,-2.226203987467512,9,97,0.9038942535652604,27,27.76315880296966,45,3.985131476457016,9,1.589804286821606,8.97985772443015,0.9806635506448127
34,34,2023-01-25 00:00:00,2023-02-24,2023-02-24,2023-03-03,120,meseta,False,42,2.6944225319110946,6,-13.82057260475465,-5.129326392231445,10,163,0.8119647900012588,26,28.722729305848624,43,3.867156364779617,17,4.201901524716324,8.65152457536916,0.19013065436194804
35,35,2023-02-01 00:00:00,2023-03-03,2023-03-03,2023-03-10,120,meseta,False,42,-4.622846725910131,10,27.528287863121786,,20,59,0.7182785053935843,19,29.468487158414987,44,3.7279492219352277,10,1.7299124379241222,9.625987730356012,0.13704200790925214
36,36,2023-03-12 03:00:00,2023-03-17,2023-03-17,2023-03-24,0,heredado_pocas_barras,True,0,,5,-59.436842166104526,,20,59,0.7182785053935843,19,29.468487158414987,44,3.7279492219352277,10,1.7299124379241222,9.625987730356012,0.13704200790925214
37,37,2023-03-28 00:00:00,2023-03-31,2023-03-31,2023-04-07,0,heredado_pocas_barras,True,0,,2,27.584870471060192,,20,59,0.7182785053935843,19,29.468487158414987,44,3.7279492219352277,10,1.7299124379241222,9.625987730356012,0.13704200790925214
38,38,2023-03-28 00:00:00,2023-04-07,2023-04-07,2023-04-14,120,meseta,False,12,-82.21103806062042,47,-40.30737987652062,,40,173,0.9476620860754654,8,27.11968449424664,19,2.1634518432739664,24,2.7810084769816563,10.624910585282082,0.10404475234267985
39,39,2023-03-28 00:00:00,2023-04-14,2023-04-14,2023-04-21,120,meseta,False,17,-3.4318856143224545,13,-36.860041816330614,,15,108,0.9123914251292775,21,22.362511491359914,56,3.6577006210299836,13,4.793536718701614,8.718571409411913,0.16268139605312384
40,40,2023-03-28 00:00:00,2023-04-21,2023-04-21,2023-04-28,120,meseta,False,54,-13.599856226418543,28,-32.23684404899288,,10,130,0.48299810159119333,28,10.452638105393392,12,3.3960272456537237,22,4.87378195400997,10.885999218986045,0.1345625488940843
41,41,2023-03-29 00:00:00,2023-04-28,2023-04-28,2023-05-05,120,meseta,False,29,7.698364014622951,8,-39.44224170021538,-5.1234576106423795,5,160,0.061361163165971885,24,28.195045126534453,34,3.941326954707187,27,2.4859522911809897,10.983050594722048,0.16413080432071547
42,42,2023-04-05 00:00:00,2023-05-05,2023-05-05,2023-05-12,120,meseta,False,32,-3.225211210178844,7,-34.52600910618317,,5,87,0.027476252369360202,19,28.339104181429878,11,3.285653133733214,14,1.7692456690608043,4.8406845353861705,0.15522820442866056
43,43,2023-04-12 00:00:00,2023-05-12,2023-05-12,2023-05-19,120,meseta,False,56,-11.045250113934497,14,-38.308215098116285,,40,186,0.11411285267078292,21,21.22595384957028,10,3.248827382331816,30,3.533697733662965,6.785747256217392,0.1201001393493117
44,44,2023-04-19 00:00:00,2023-05-19,2023-05-19,2023-05-26,120,meseta,False,44,-9.872434243375144,15,-43.9469625663664,,33,141,0.5625801733866753,25,25.848012062655997,14,3.0068106615314676,25,4.9089732209047225,7.136992084216822,0.10606655707270367
45,45,2023-04-26 00:00:00,2023-05-26,2023-05-26,2023-06-02,120,meseta,False,51,-7.81958151451547,10,-40.388441740221396,,16,57,0.005944176426690068,30,27.14392290606365,19,3.434811583298725,28,2.048713380612399,10.639072999256284,0.1387694129198295
46,46,2023-05-03 00:00:00,2023-06-02,2023-06-02,2023-06-09,120,meseta,False,20,-8.43348553912882,2,-42.63949143711949,,18,79,0.6451480183209561,27,28.81567357113025,21,3.921912094047638,18,4.78584935032591,7.80975482235008,0.12920097733522112
47,47,2023-05-10 00:00:00,2023-06-09,2023-06-09,2023-06-16,120,meseta,False,29,-10.349853440039286,6,-15.024437632098534,,36,173,0.8563678548987473,28,27.714069287332222,58,3.8819791287176337,17,4.187703796400895,9.501012616586697,0.11939935681961959
48,48,2023-05-17 00:00:00,2023-06-16,2023-06-16,2023-06-23,120,meseta,False,57,-9.321052827584838,10,-4.694449971193395,,24,199,0.14279971205565906,19,29.903584109536233,46,3.2211116016428156,8,2.9537242035129525,10.243536967627008,0.11428459645360291
49,49,2023-05-24 00:00:00,2023-06-23,2023-06-23,2023-06-30,120,meseta,False,41,-6.605870894513761,6,-27.64189395185208,,25,79,0.04433587263377427,22,25.34518573833246,17,3.912427107255249,30,4.7729798433225685,4.580606658279733,0.161473865145586
50,50,2023-05-31 00:00:00,2023-06-30,2023-06-30,2023-07-07,120,meseta,False,24,5.860958471817666,8,-38.088130380773364,-6.49861802705472,34,175,0.7185785462680744,27,24.234715813651366,34,3.980942605908331,16,4.244427267312915,11.428150021508102,0.2336547056613127
51,51,2023-06-07 00:00:00,2023-07-07,2023-07-07,2023-07-14,120,meseta,False,24,-3.3215892104424567,6,-36.882625158930225,,37,187,0.9570742618726203,22,26.327226063555624,22,3.7377065241505534,28,1.9301639315685721,10.637714469944907,0.6844477508263109
52,52,2023-06-14 00:00:00,2023-07-14,2023-07-14,2023-07-21,120,meseta,False,31,6.182987393888215,5,12.779417604645333,2.0668678084767866,39,50,0.4894620323868309,14,28.279322050309396,20,3.4328087366281523,10,3.9428505657639317,9.768323603153625,0.662900110283498
53,53,2023-06-21 00:00:00,2023-07-21,2023-07-21,2023-07-28,120,meseta,False,80,-8.34177995766132,20,-43.32657235847029,,38,62,0.618234167536258,28,26.97028989316898,41,1.9430526743160426,19,4.439992128119609,11.743172190112638,0.11466294587953173
54,54,2023-06-28 00:00:00,2023-07-28,2023-07-28,2023-08-04,120,meseta,False,53,-10.942472965508879,9,-45.729165104940435,,13,93,0.8113542307740556,18,29.912378193111664,41,3.4632911354219247,9,1.5824043942472148,10.044162774302537,0.12109360191763897
55,55,2023-07-05 00:00:00,2023-08-04,2023-08-04,2023-08-11,120,meseta,False,32,-11.613333362187038,6,-50.21967009021538,,36,186,0.2595307820846181,19,29.82206397505007,27,3.7760455430439657,26,2.1230972721752233,5.274514585741385,0.10441922030816357
56,56,2023-07-12 00:00:00,2023-08-11,2023-08-11,2023-08-18,120,meseta,False,16,-10.120966291864736,5,-42.294214906175554,,37,182,0.18033831241660836,29,29.321039234189445,56,3.9723580601849133,28,3.1485301282815366,8.555598153516225,0.13864895358310617
57,57,2023-07-19 00:00:00,2023-08-18,2023-08-18,2023-08-25,120,meseta,False,29,-10.288646176510994,3,-48.892324146670475,,10,84,0.10305528507503206,26,28.83425716784548,54,3.75786832715691,27,4.414215535977045,10.280357779552347,0.13458376490280213
58,58,2023-07-26 00:00:00,2023-08-25,2023-08-25,2023-09-01,120,meseta,False,24,-11.356184544441478,9,22.728765562898552,,32,132,0.9515252919833416,27,24.21613717232065,17,3.2354109882677724,29,4.428668125371733,10.842140600429031,0.1052637527626488
59,59,2023-08-02 00:00:00,2023-09-01,2023-09-01,2023-09-08,120,meseta,False,90,-8.977175503065757,20,-37.28308887145422,,12,185,0.9952816051131388,29,13.739669169316722,58,3.8093479111588473,9,2.772128568307807,11.626794513079652,0.1260266833319667
60,60,2023-08-09 00:00:00,2023-09-08,2023-09-08,2023-09-15,120,meseta,False,74,-10.22633355366438,22,-40.89808929012858,,24,96,0.7049217158267613,29,24.45515134547324,55,3.0277710969462657,29,4.388592912988778,5.938746594841773,0.12054509192365455
61,61,2023-08-16 00:00:00,2023-09-15,2023-09-15,2023-09-22,120,meseta,False,45,-6.0373818441342895,10,-11.61235147641835,,37,130,0.06064548617648054,26,26.57827657104465,59,3.5445379164907176,15,4.810582251433614,4.97487386107573,0.1185527185080031
62,62,2023-08-23 00:00:00,2023-09-22,2023-09-22,2023-09-29,120,meseta,False,29,-1.2534416276364861,6,-6.778620254782933,,31,141,0.9539510549446664,29,21.18440512686109,12,3.103168532350382,7,3.0693537320191324,6.919122600301925,0.22572143025256267
63,63,2023-08-30 00:00:00,2023-09-29,2023-09-29,2023-10-06,120,meseta,False,13,4.8234026881115755,4,-32.03148597375898,-6.640848389604336,39,105,0.6647918542591242,26,25.975545851737472,19,3.9705700564969995,7,4.72557862487715,8.834300843033422,0.24804946958482785
64,64,2023-09-06 00:00:00,2023-10-06,2023-10-06,2023-10-13,120,meseta,False,26,-11.13018796016395,3,-50.15663047020456,,32,71,0.3506115331972591,21,29.911667391094532,10,3.545279397909931,27,1.856019976944601,4.741149249849972,0.15349085061976217
65,65,2023-09-13 00:00:00,2023-10-13,2023-10-13,2023-10-20,120,meseta,False,53,-9.369802667746168,18,-35.94048561142868,,39,129,0.8979467560267131,19,20.063545744464996,46,3.967432466287596,14,3.9063548133765664,11.454054657415032,0.14232670460376784
66,66,2023-09-20 00:00:00,2023-10-20,2023-10-20,2023-10-27,120,meseta,False,8,-10.536087557297648,2,-20.879843529054234,,19,169,0.8289287207762629,29,29.678957363621773,11,3.3970521550469464,18,4.817843223653957,6.965350204895715,0.7532575215756029
67,67,2023-09-27 00:00:00,2023-10-27,2023-10-27,2023-11-03,120,meseta,False,11,-5.127963539623615,1,-51.41616789508551,,34,179,0.25568840943798554,26,28.290858380962312,13,3.9381768522443124,17,2.504857721049651,11.167902033776743,0.11953121742791425
68,68,2023-10-04 00:00:00,2023-11-03,2023-11-03,2023-11-10,120,meseta,False,24,-9.412135180414454,8,-45.22761708627356,,6,189,0.03344970813887915,26,29.38980591387856,47,3.8706847493327468,18,3.719795350071218,7.130317538290963,0.16116040846779164
69,69,2023-10-11 00:00:00,2023-11-10,2023-11-10,2023-11-17,120,meseta,False,16,-11.133932276201794,1,109.81656567589746,,24,191,0.060774025673721574,24,29.981386063807214,16,3.297591604018402,8,3.218413283631308,8.260484327166687,0.1238621573987816
70,70,2023-10-18 00:00:00,2023-11-17,2023-11-17,2023-11-24,120,meseta,False,28,-5.936097347461419,7,-36.589913583346316,,37,109,0.9428622854528451,27,24.368117935424053,15,2.977036015108888,11,4.8861026056682935,6.675754888535205,0.10995391190902438
71,71,2023-10-25 00:00:00,2023-11-24,2023-11-24,2023-12-01,120,meseta,False,52,-11.156048057140145,17,-44.629261944358504,,8,159,0.260590698608823,15,25.6509481153078,10,3.9497263448566824,15,3.1306985942442744,11.325438790874585,0.104809570417637
72,72,2023-11-01 00:00:00,2023-12-01,2023-12-01,2023-12-08,120,meseta,False,26,-11.01336226565431,7,16.798220786670928,,16,158,0.4233932039794941,28,26.84159728973501,39,3.5410797573574633,14,4.319564189253714,10.04916873165619,0.12360553571623013
73,73,2023-11-08 00:00:00,2023-12-08,2023-12-08,2023-12-15,120,meseta,False,24,12.362517697925393,10,2.069895625425858,0.16743317793374857,31,191,0.23364286342924975,20,26.36228751822254,55,3.92908349124161,14,4.733018696155854,11.48532566738091,0.3741907587879462
74,74,2023-11-15 00:00:00,2023-12-15,2023-12-15,2023-12-22,120,meseta,False,60,-8.930856179051696,17,-30.225566433606367,,17,152,0.3287072967386348,22,22.023732679160442,14,2.987802429701462,19,4.791726667415257,7.358968634933391,0.15123681832573416
75,75,2023-11-22 00:00:00,2023-12-22,2023-12-22,2023-12-29,120,meseta,False,39,9.095892078995677,8,16.860854720910627,1.8536779652262891,30,63,0.8479651052801174,29,28.80641719567237,31,2.857329903145053,10,3.481212342061453,10.83575391693655,0.2352617329530892
