,window,is_start,is_end,oos_start,oos_end,regime,regime_code,n_trials,selection_method,inherited,n_trades_is,calmar_is,n_trades_oos,calmar_oos,wfe,param_ema_fast,param_ema_slow,param_trend_band_k,param_rsi_window,param_rsi_band,param_boll_window,param_boll_k,param_atr_window,param_sl_atr_mult,param_tp_atr_mult,param_position_fraction
0,0,2022-06-01,2022-07-01,2022-07-01,2022-07-08,tendencia,0,120,meseta,False,15,68.48729391323592,10,-29.821866324914748,-0.43543648202387725,37,58,0.3321028088586911,30,14.014801170195659,53,3.413217057667578,30,2.3403536326543617,10.477333138169284,0.3486456508393877
1,0,2022-06-01,2022-07-01,2022-07-01,2022-07-08,reversion,1,120,meseta,False,21,14.551508631985657,16,35.134194245468315,2.414470907039829,9,183,0.8412027783346667,21,24.843765765231087,17,3.7458093745431156,14,2.5725712020831284,11.366045359055274,0.18646069084233408
2,0,2022-06-01,2022-07-01,2022-07-01,2022-07-08,crisis,2,120,meseta,False,18,3015.1959629929643,0,,,19,70,0.18379371114584148,26,26.13475706687825,51,2.9577157449768015,28,4.391299491057526,11.983004667501728,0.8008643538393919
3,1,2022-06-08,2022-07-08,2022-07-08,2022-07-15,tendencia,0,120,meseta,False,30,32.17753820173949,5,-15.913592504589719,-0.49455593541116344,19,150,0.14660187447003004,13,28.81807685024151,34,3.704138313782144,23,2.6516887309581962,11.449547824313118,0.11554365066394175
4,1,2022-06-08,2022-07-08,2022-07-08,2022-07-15,reversion,1,120,meseta,False,10,22.920159063628248,4,-2.9226720792878385,-0.12751534887581978,39,155,0.21356296592806212,29,27.074980970158567,15,3.8574324985463337,22,3.916925673712542,5.93140358529584,0.2307081079409964
5,1,2022-06-08,2022-07-08,2022-07-08,2022-07-15,crisis,2,120,meseta,False,30,-4.889008708385676,0,,,38,198,0.9207804030496416,14,26.413342142406382,22,3.676232244301064,19,3.136206895885141,5.878872003311092,0.22059685598138307
6,2,2022-06-15,2022-07-15,2022-07-15,2022-07-22,tendencia,0,120,meseta,False,37,34.23414090882717,22,-25.628211377979977,-0.748615583672258,18,171,0.9351648068643813,13,28.075756053853958,46,3.7931788204763763,30,4.687000973266112,10.792621691865808,0.37887262919587716
7,2,2022-06-15,2022-07-15,2022-07-15,2022-07-22,reversion,1,120,meseta,False,23,77.4730540809814,0,,,33,92,0.42115397611818955,25,26.385093740311795,56,3.412763286339367,14,3.6182794526818296,5.369439939714825,0.16776894260044029
8,2,2022-06-15,2022-07-15,2022-07-15,2022-07-22,crisis,2,120,meseta,False,24,14.346200063411583,0,,,24,94,0.8519978311945848,26,22.786554990358827,34,3.5873251442568774,29,4.0367105982037765,11.220738204468885,0.14940529043984274
9,3,2022-06-22,2022-07-22,2022-07-22,2022-07-29,tendencia,0,120,meseta,False,30,-10.21016032520894,9,22.581943857300214,,19,196,0.11413504562343083,25,29.44049184086936,53,3.540680206554605,17,2.3174092989988035,5.2762827814211,0.16751341188146823
10,3,2022-06-22,2022-07-22,2022-07-22,2022-07-29,reversion,1,120,meseta,False,63,-19.982564024270143,0,,,5,99,0.9259341317727255,30,6.246567864923778,11,2.25896753675465,10,2.413779008438283,11.418139996003406,0.22799936655956848
11,3,2022-06-22,2022-07-22,2022-07-22,2022-07-29,crisis,2,120,meseta,False,13,-61.45948049098192,0,,,35,158,0.05306289506438782,9,21.785584070588115,13,3.2549631942019395,7,4.128540463352818,10.985822622165092,0.11389639542651839
12,4,2022-06-29,2022-07-29,2022-07-29,2022-08-05,tendencia,0,120,meseta,False,44,11.64908027096552,16,-18.43103570442968,-1.5821880591180821,9,99,0.9270297587568884,29,19.87384435001566,12,3.847157320427038,13,1.6322095120944193,9.589297135106852,0.7902038783870893
13,4,2022-06-29,2022-07-29,2022-07-29,2022-08-05,reversion,1,120,meseta,False,19,651.8595740038484,0,,,33,71,0.04458201876570185,18,24.074582037139795,29,3.184376136077884,13,4.897466916873472,8.23628857592062,0.8613109707077521
14,4,2022-06-29,2022-07-29,2022-07-29,2022-08-05,crisis,2,120,meseta,False,32,26.957594182503687,0,,,15,86,0.9395711235402187,30,27.72466848727429,42,2.461858580777756,17,2.452990221160307,11.634669729563122,0.2570939787374853
15,5,2022-07-06,2022-08-05,2022-08-05,2022-08-12,tendencia,0,120,meseta,False,34,1.6360319510598256,15,0.09989140438213635,0.06105712319213965,15,175,0.7593840507784649,24,25.23356852839286,53,3.5266643223799288,9,4.913446346617294,11.223229693455728,0.14643393096897517
16,5,2022-07-06,2022-08-05,2022-08-05,2022-08-12,reversion,1,120,meseta,False,36,87.93867598823343,0,,,12,170,0.4583266334899428,16,20.94835510711641,41,1.8731929849270526,20,4.567911956357638,11.993352681561554,0.21641019111609477
17,5,2022-07-06,2022-08-05,2022-08-05,2022-08-12,crisis,2,120,meseta,False,9,1659.1727731412363,0,,,21,52,0.3909639737662987,11,28.455242346934977,36,3.8313237012604424,25,4.643951401509457,7.135909093121958,0.32903577781972937
18,6,2022-07-13,2022-08-12,2022-08-12,2022-08-19,tendencia,0,120,meseta,False,21,27.722926063768977,49,-25.78373084184929,-0.9300508460954265,30,158,0.872629165619682,19,9.250970836316727,59,3.9279792694979587,25,3.5333664181176077,11.088486281541968,0.21331392676937977
19,6,2022-07-13,2022-08-12,2022-08-12,2022-08-19,reversion,1,120,meseta,False,34,-5.171208773559478,0,,,11,147,0.9542460665591922,25,27.835481548395997,59,3.74374620615275,16,1.5679219614753135,9.945606266901423,0.2770169722371445
20,6,2022-07-13,2022-08-12,2022-08-12,2022-08-19,crisis,2,120,meseta,False,22,30.449794276523082,0,,,35,183,0.6521239420449507,26,20.36334619254626,48,3.6689110742049933,18,4.859925826810428,9.379321828085649,0.43409001260855035
21,7,2022-07-20,2022-08-19,2022-08-19,2022-08-26,tendencia,0,120,meseta,False,9,62.60666779905741,6,1.8731663814694266,0.029919598779502978,13,162,0.8952240738332555,27,25.52656730490616,13,3.9941032304899395,9,4.789919917474483,7.501656304675537,0.45368676053586027
22,7,2022-07-20,2022-08-19,2022-08-19,2022-08-26,reversion,1,120,meseta,False,21,1.013746237688089,0,,,5,169,0.09229809280623387,20,29.17841701816844,52,3.904789468564088,27,2.9569303759826053,11.300001064342911,0.4277570628131277
23,7,2022-07-20,2022-08-19,2022-08-19,2022-08-26,crisis,2,120,meseta,False,14,17.65354733173611,0,,,6,152,0.28758175213646675,30,21.12151194974567,41,3.961309240094797,16,4.286530849179938,11.619778297774534,0.1174875884610436
24,8,2022-07-27,2022-08-26,2022-08-26,2022-09-02,tendencia,0,120,meseta,False,11,1.3103825247287806,4,-63.54834502678723,-48.496026028689826,38,194,0.9789018864533191,21,27.820309528247204,35,3.3626838386458195,18,2.5372940859921567,9.384854654646098,0.3192226113271767
25,8,2022-07-27,2022-08-26,2022-08-26,2022-09-02,reversion,1,120,meseta,False,32,79.64692564445434,6,-28.61836261243868,-0.35931534558146905,6,184,0.490946298529603,19,25.355263121487802,21,3.225871764548496,8,2.3210808408184405,10.022102855799503,0.43130087993620564
26,8,2022-07-27,2022-08-26,2022-08-26,2022-09-02,crisis,2,120,meseta,False,17,-20.24248998932503,5,-69.38383521005647,,5,106,0.8536975771940984,19,29.160670948654683,41,3.8085207776937557,26,4.798721669805032,10.437849389128088,0.23159196557973574
27,9,2022-08-03,2022-09-02,2022-09-02,2022-09-09,tendencia,0,120,meseta,False,31,191.91877472592492,12,-42.62564341333697,-0.22210251953832935,10,199,0.2822902681636746,22,24.146355778506276,48,3.8096965332083674,11,1.7529234574999104,11.000630205763766,0.11422816818122741
28,9,2022-08-03,2022-09-02,2022-09-02,2022-09-09,reversion,1,120,meseta,False,23,-24.208644213175262,0,,,28,122,0.47188259835404345,13,29.289731799553643,54,3.7176073520802815,22,2.355051841289818,10.830738567346016,0.10235720508990409
29,9,2022-08-03,2022-09-02,2022-09-02,2022-09-09,crisis,2,120,meseta,False,40,-8.93881322531087,5,-235.7555979595453,,38,63,0.06638706964079515,11,28.27461982093924,13,3.0230998470101587,30,2.4881461908095948,8.38758605440505,0.13343785080931786
30,10,2022-08-10,2022-09-09,2022-09-09,2022-09-16,tendencia,0,120,meseta,False,8,25.631000369357263,3,67776093.15988497,2644301.5170376888,5,174,0.02951107185450179,9,11.064099191712883,30,2.355455243433095,24,4.244915518895939,8.86429702027784,0.8429633942789233
31,10,2022-08-10,2022-09-09,2022-09-09,2022-09-16,reversion,1,120,meseta,False,41,-0.44014023657248785,7,-28.048991153115356,,11,60,0.09759917243256461,27,18.67752800780969,59,3.7438026752519393,9,4.116523560810768,10.821680820199301,0.24230779111561151
32,10,2022-08-10,2022-09-09,2022-09-09,2022-09-16,crisis,2,120,meseta,False,38,-20.850192031108293,17,-26.008450699911776,,6,56,0.3785050844426197,20,24.14127155264348,53,3.495327570805141,11,3.1950177188633226,7.5665158562930594,0.1058794800161682
33,11,2022-08-17,2022-09-16,2022-09-16,2022-09-23,tendencia,0,120,meseta,False,13,208.32839123056897,0,,,38,128,0.9047400586273608,25,24.050658754004417,11,3.6547430269662824,9,3.360232644737552,10.262084308610142,0.8630317337763882
34,11,2022-08-17,2022-09-16,2022-09-16,2022-09-23,reversion,1,120,meseta,False,14,-11.276121615352176,0,,,37,195,0.3196631908434471,29,29.153562828752996,55,3.9115073225184567,20,3.783986077669797,7.348292005626997,0.12457630022414559
35,11,2022-08-17,2022-09-16,2022-09-16,2022-09-23,crisis,2,120,meseta,False,11,47.5597786750212,31,-14.534786106623411,-0.30561088616371557,35,200,0.2532769996215618,11,16.89855775170376,30,3.9684792483835802,9,4.758694990163129,10.512158692692022,0.7873812186434749
36,12,2022-08-24,2022-09-23,2022-09-23,2022-09-30,tendencia,0,120,meseta,False,29,26.651236927676344,0,,,36,189,0.8294712508384248,8,18.035780972433642,14,3.413453068432891,7,4.965428784834178,10.389673614870846,0.36804586504158865
37,12,2022-08-24,2022-09-23,2022-09-23,2022-09-30,reversion,1,120,meseta,False,20,1.8787145353696582,12,32.83625423141541,17.478043424492114,38,159,0.9717765087356897,19,27.33755058483448,16,3.2624082818838196,12,1.6840158035217567,11.435568105674903,0.2182510996856084
38,12,2022-08-24,2022-09-23,2022-09-23,2022-09-30,crisis,2,120,meseta,False,23,371.5348911161759,1,-137.77026758456162,-0.3708138074749001,37,50,0.8414113940509469,8,28.01711362570154,11,3.8504718564690443,25,1.926625390628069,9.54118703070449,0.9203955318305087
39,13,2022-08-31,2022-09-30,2022-09-30,2022-10-07,tendencia,0,120,meseta,False,10,247.28476633443674,2,7.4040918439114085,0.029941560710205053,12,183,0.7532559840359583,25,28.51938918612344,14,3.9391099566789265,28,2.0208612109638566,10.463788500814543,0.2777351633289174
40,13,2022-08-31,2022-09-30,2022-09-30,2022-10-07,reversion,1,120,meseta,False,19,25.116974873500165,0,,,13,60,0.0689198969762485,23,28.143207693190096,11,2.9270239646078844,28,1.8737375404808927,9.075716006816327,0.517706032980644
41,13,2022-08-31,2022-09-30,2022-09-30,2022-10-07,crisis,2,120,meseta,False,10,9.149028424955938,5,-46.82307746001949,-5.117819650915009,16,156,0.8720106437448292,19,28.68948933569064,13,3.1306623834245877,11,1.8315082422185696,11.559524946407079,0.29883226479944486
42,14,2022-09-07,2022-10-07,2022-10-07,2022-10-14,tendencia,0,120,meseta,False,8,16.81140294790013,10,-20.80014419246224,-1.2372640318552552,34,99,0.21309434817581854,30,28.480008537100225,18,3.283017645136645,19,3.804247976101364,11.002376182737269,0.7263451985573911
43,14,2022-09-07,2022-10-07,2022-10-07,2022-10-14,reversion,1,120,meseta,False,16,23.174393365242015,0,,,5,63,0.03189419613508613,23,27.773207270545623,53,3.777236191262418,8,2.1350457032610026,8.260310360645702,0.37867607721265484
44,14,2022-09-07,2022-10-07,2022-10-07,2022-10-14,crisis,2,120,meseta,False,12,120.94770699972462,0,,,37,199,0.8285128355655337,29,27.831707551815846,52,3.7963023905451685,28,3.1268056670635502,10.42056413990878,0.3837423083065365
45,15,2022-09-14,2022-10-14,2022-10-14,2022-10-21,tendencia,0,120,meseta,False,21,8.081527982919779,0,,,40,132,0.14773594569299536,27,25.2386806904061,28,3.3605144681098884,22,3.7786379597729214,9.783918515378948,0.131506008968521
46,15,2022-09-14,2022-10-14,2022-10-14,2022-10-21,reversion,1,120,meseta,False,10,-17.861062133444467,10,-35.86271604372234,,18,156,0.029632848983398366,27,26.810154141333918,49,3.8684605642026018,8,4.804894742013776,8.103480176451725,0.12961664885179922
47,15,2022-09-14,2022-10-14,2022-10-14,2022-10-21,crisis,2,120,meseta,False,43,-4.365228561762356,0,,,39,85,0.5615896259459596,9,28.112245677968275,49,3.43775331960709,14,3.13611400019384,11.127117747374243,0.20924117443245702
48,16,2022-09-21,2022-10-21,2022-10-21,2022-10-28,tendencia,0,120,meseta,False,33,-17.550936097618028,10,35.1252661073945,,38,198,0.7994210087998885,30,17.31038437502957,50,3.9031056867216996,12,3.9367815555175354,8.751852766600111,0.13433229880734793
49,16,2022-09-21,2022-10-21,2022-10-21,2022-10-28,reversion,1,120,meseta,False,15,-19.550681257831464,0,,,7,103,0.3628354096267102,29,24.432138357157243,19,3.136383391202535,29,2.182164701859371,10.118530788337457,0.12408314930704942
50,16,2022-09-21,2022-10-21,2022-10-21,2022-10-28,crisis,2,120,meseta,False,11,34.37390310486133,0,,,25,132,0.05250939139184439,27,27.74326241632933,14,3.9154849688785864,24,3.820008898901514,4.632395401338198,0.6157704089059156
51,17,2022-09-28,2022-10-28,2022-10-28,2022-11-04,tendencia,0,120,meseta,False,19,7.262486906150316,9,-48.347247988182325,-6.657120159106784,10,78,0.5167849903305282,26,21.389192479005512,53,3.501303831563072,10,2.228714223289877,11.835761292849075,0.3442999654769898
52,17,2022-09-28,2022-10-28,2022-10-28,2022-11-04,reversion,1,120,meseta,False,20,-11.771044117638459,1,-127.97183311519663,,36,61,0.8572080090506043,18,29.862132323679457,32,3.8033894520347746,18,2.039114925305974,10.49483931594182,0.10042241378986379
53,17,2022-09-28,2022-10-28,2022-10-28,2022-11-04,crisis,2,120,meseta,False,44,-27.02289611943785,0,,,40,128,0.4813660980087622,23,19.09698820888667,56,1.6181062209084929,27,3.9645954721908727,10.580709973212517,0.12838214111231844
54,18,2022-10-05,2022-11-04,2022-11-04,2022-11-11,tendencia,0,120,meseta,False,35,-15.201074983243783,5,-47.20517062402344,,25,154,0.8541820826048058,19,25.82627327042417,39,2.873859612644876,8,4.871374027652676,5.077597687353031,0.13292240268160782
55,18,2022-10-05,2022-11-04,2022-11-04,2022-11-11,reversion,1,120,meseta,False,21,-10.055508283228335,9,-53.90092695235719,,39,185,0.8222974037191724,26,25.292592542750345,24,3.709957471309731,13,4.7102854148157345,5.624635939599472,0.10881786762105723
56,18,2022-10-05,2022-11-04,2022-11-04,2022-11-11,crisis,2,120,meseta,False,31,-40.37938536912371,11,661.3096414502696,,14,200,0.799494151272597,20,18.846293859861497,26,1.7346924348850388,27,2.4397634894087,11.809552671650325,0.1018883598089254
57,19,2022-10-12,2022-11-11,2022-11-11,2022-11-18,tendencia,0,120,meseta,False,54,-0.028830713121432375,0,,,10,127,0.1251861458118518,24,19.24644601541451,57,3.5534745834037724,8,2.6296177499714997,11.701456414679031,0.21184280625943366
58,19,2022-10-12,2022-11-11,2022-11-11,2022-11-18,reversion,1,120,meseta,False,17,-7.3354711035644105,0,,,8,66,0.9120792076293074,15,29.288258806481227,11,3.488875116830823,15,3.8365208818539407,11.452776171304189,0.15138870452575182
59,19,2022-10-12,2022-11-11,2022-11-11,2022-11-18,crisis,2,120,meseta,False,9,3057.1462032887916,35,-14.272009727609237,-0.004668409287150157,34,175,0.8965966543202529,15,25.586368129866866,25,2.0370702951989754,10,4.9094752772531365,8.675803480303124,0.3841837328314393
60,20,2022-10-19,2022-11-18,2022-11-18,2022-11-25,tendencia,0,120,meseta,False,37,-8.192081048487172,15,-45.32705641295863,,12,69,0.7597642420905599,19,25.98353085984152,12,3.6995137284167643,27,3.1938586279050094,8.354551355550615,0.10368834189957317
61,20,2022-10-19,2022-11-18,2022-11-18,2022-11-25,reversion,1,120,meseta,False,10,-11.270875476356355,8,-55.98095862706619,,21,81,0.7150525525981347,23,24.088111644969036,50,3.764662766302289,22,4.467650613158601,9.014468671513628,0.16298276138799594
62,20,2022-10-19,2022-11-18,2022-11-18,2022-11-25,crisis,2,120,meseta,False,28,-18.813048849518882,0,,,6,79,0.465493709757238,16,24.53022121790524,16,3.257115036370791,29,2.7071436895889374,8.70110764312866,0.1317851370054404
63,21,2022-10-26,2022-11-25,2022-11-25,2022-12-02,tendencia,0,120,meseta,False,59,6.0322942620082705,46,-33.980912052846996,-5.633165521592788,8,119,0.05633572230420571,16,26.771576340554414,42,2.173766593714559,26,1.8898947385531844,10.514613975228915,0.22291967426847273
64,21,2022-10-26,2022-11-25,2022-11-25,2022-12-02,reversion,1,120,meseta,False,78,-11.107001144006574,1,4639.594816753312,,37,176,0.18842261580417663,8,14.885633890087457,46,3.819819953323839,28,4.45093053053842,11.650857548546433,0.10680002390097496
65,21,2022-10-26,2022-11-25,2022-11-25,2022-12-02,crisis,2,120,meseta,False,25,-23.361048009712725,0,,,37,146,0.7938635778565434,26,20.051972053721403,36,2.9153924375226343,30,2.07091092394442,10.690794653441642,0.1294141109947916
66,22,2022-11-02,2022-12-02,2022-12-02,2022-12-09,tendencia,0,120,meseta,False,55,5.8611027057381655,26,-37.25065823203533,-6.355571656433525,40,126,0.5343877388876992,11,18.35668689612572,11,3.604693000649391,10,3.557610421456152,11.169010917466583,0.11046240714053408
67,22,2022-11-02,2022-12-02,2022-12-02,2022-12-09,reversion,1,120,meseta,False,43,-12.262558800744195,0,,,40,160,0.010078478564568342,28,12.230376424791206,60,2.810353893859772,25,3.4259053842684644,10.8710094634783,0.13611011659643013
68,22,2022-11-02,2022-12-02,2022-12-02,2022-12-09,crisis,2,120,meseta,False,9,-18.19891453172541,0,,,8,87,0.23608811973889193,24,29.949450799214915,53,3.838468814258857,29,3.7561424461367006,5.202028274090369,0.17953103071089704
69,23,2022-11-09,2022-12-09,2022-12-09,2022-12-16,tendencia,0,120,meseta,False,64,-4.798881576904502,20,-34.48369580776613,,28,144,0.3387234401182694,22,26.464644629285445,20,2.101675538963643,9,4.627863471685403,10.926793748029429,0.10066122538749818
70,23,2022-11-09,2022-12-09,2022-12-09,2022-12-16,reversion,1,120,meseta,False,14,-46.395763946256174,2,-251.9245051310869,,18,186,0.08624639840176779,30,26.56767709679692,18,3.2201386918674793,27,2.748647414966741,4.86865934359601,0.15898119493432275
71,23,2022-11-09,2022-12-09,2022-12-09,2022-12-16,crisis,2,120,meseta,False,44,-39.73305369890335,0,,,25,62,0.12865449797060124,25,5.778172255103619,58,2.769314947414072,18,3.0074156685646436,11.940875987343418,0.10842830902964826
72,24,2022-11-16,2022-12-16,2022-12-16,2022-12-23,tendencia,0,120,meseta,False,23,12.789698268759691,9,2.741498064187616,0.21435205167302815,6,60,0.6539727468946435,25,28.632622124032082,31,3.4638020659469944,8,1.6070208709939984,8.867568681839401,0.10614129464618444
73,24,2022-11-16,2022-12-16,2022-12-16,2022-12-23,reversion,1,120,meseta,False,17,-16.599315777478665,1,23.75425706347766,,33,117,0.8504355607453309,26,28.923602495717883,60,3.8966676701684517,29,3.4175218743866282,7.214898694336024,0.10829795535905598
74,24,2022-11-16,2022-12-16,2022-12-16,2022-12-23,crisis,2,120,meseta,False,9,-37.663937604942866,0,,,13,153,0.15656054290549698,28,26.85014830374346,53,3.686994330246144,28,3.3365435050355727,10.889233387894794,0.14793774356534603
75,25,2022-11-23,2022-12-23,2022-12-23,2022-12-30,tendencia,0,120,meseta,False,15,-2.552412505892064,6,-47.73086862570751,,35,77,0.05258449137556059,28,26.618374837397837,34,3.9949813207319615,12,1.5783504798026509,10.55836214609021,0.19793718303132984
76,25,2022-11-23,2022-12-23,2022-12-23,2022-12-30,reversion,1,120,meseta,False,9,20.7175362933921,0,,,40,53,0.9546300766796255,25,27.117067554481594,14,3.184620848159875,19,3.3787547429272484,8.44147891271262,0.49249652658668364
77,25,2022-11-23,2022-12-23,2022-12-23,2022-12-30,crisis,2,120,meseta,False,21,-34.85211814012078,0,,,29,73,0.37047898039485944,17,16.481115393883627,14,3.7963400283844853,7,4.560761124726143,9.913120856924621,0.1357710217194742
78,26,2022-11-30,2022-12-30,2022-12-30,2023-01-06,tendencia,0,120,meseta,False,20,-13.208899483556172,6,-48.67697986354591,,9,118,0.1099833627294382,21,27.22122239094552,16,3.9642824126767,16,3.808487769886592,8.152769378105766,0.1437058892501889
79,26,2022-11-30,2022-12-30,2022-12-30,2023-01-06,reversion,1,120,meseta,False,13,-13.256707772407742,0,,,9,123,0.40193726153462356,20,28.95834770679615,35,3.5390820659359066,7,1.6358709544513392,11.679670851158637,0.10683408960199738
80,26,2022-11-30,2022-12-30,2022-12-30,2023-01-06,crisis,2,120,meseta,False,19,-27.05051442035897,0,,,21,188,0.8827073586238706,15,28.837917801045858,55,3.629117408765525,20,3.7493117680807275,7.850944971484546,0.10517311943562815
81,27,2022-12-07,2023-01-06,2023-01-06,2023-01-13,tendencia,0,120,meseta,False,21,-16.021829863946625,3,-111.24135787915067,,40,101,0.6270199234314238,24,29.18668752995821,15,3.86044981792444,30,3.0465912101667847,3.9764863093828335,0.14975723520774642
82,27,2022-12-07,2023-01-06,2023-01-06,2023-01-13,reversion,1,120,meseta,False,9,-33.97026127398917,9,-24.930755602154903,,24,195,0.36227391779865614,28,27.261700334574467,58,3.8821309818252834,27,3.5604710703421363,10.23087488153622,0.13910862558580941
83,27,2022-12-07,2023-01-06,2023-01-06,2023-01-13,crisis,2,120,meseta,False,8,53.23739698454101,0,,,5,62,0.26201806198503474,28,25.453041489350866,55,3.80076921833586,11,3.3521705742407923,11.397319370692765,0.33840631344360755
84,28,2022-12-14,2023-01-13,2023-01-13,2023-01-20,tendencia,0,120,meseta,False,8,-1.9870200963238736,8,351.2646104432568,,25,190,0.18276114101093763,30,21.151315544219162,16,1.5996092480042352,11,4.974026929664483,10.298902722231059,0.20152032659097424
85,28,2022-12-14,2023-01-13,2023-01-13,2023-01-20,reversion,1,120,meseta,False,19,-17.27573097481576,0,,,35,90,0.2789283852601514,30,22.752688980951337,28,3.5856414597883415,8,1.821869872968967,6.981236502810227,0.1258085625101136
86,28,2022-12-14,2023-01-13,2023-01-13,2023-01-20,crisis,2,120,meseta,False,30,-2.1848400144420816,12,-37.79974482518777,,5,183,0.591183704870011,27,17.90551350907005,38,3.905646235915864,13,3.5442594655192687,11.98289211356716,0.1923388351034862
87,29,2022-12-21,2023-01-20,2023-01-20,2023-01-27,tendencia,0,120,meseta,False,11,6766.256101082544,0,,,7,163,0.497649765972625,11,9.268650835276201,50,2.6744222960013126,9,4.543702087019526,11.887096183506943,0.9909622104642185
88,29,2022-12-21,2023-01-20,2023-01-20,2023-01-27,reversion,1,120,meseta,False,35,-10.760940252397155,0,,,31,194,0.840682723572857,18,26.15715173774172,55,3.916508384984006,9,1.7531039837348958,7.097160785288349,0.10927935720127976
89,29,2022-12-21,2023-01-20,2023-01-20,2023-01-27,crisis,2,120,meseta,False,9,-23.97480377628908,18,0.12436323016445283,,14,127,0.9522409435692957,24,28.282298577817322,49,3.2438597974388137,18,1.93663654909735,7.5129085757243415,0.16839612260004666
90,30,2022-12-28,2023-01-27,2023-01-27,2023-02-03,tendencia,0,120,meseta,False,8,480.37314499045766,0,,,36,183,0.1164647962069216,19,7.035948045872812,30,3.760308057663563,13,4.455142274326066,11.622753514504351,0.3899170189833814
91,30,2022-12-28,2023-01-27,2023-01-27,2023-02-03,reversion,1,120,meseta,False,10,14.296996547334317,0,,,23,180,0.6870721687136576,23,26.20573281763884,11,3.1728992568295324,7,4.858633417640938,11.915715071312293,0.8669511670245186
92,30,2022-12-28,2023-01-27,2023-01-27,2023-02-03,crisis,2,120,meseta,False,9,-7.491849314272316,6,-35.00394358210232,,36,75,0.12173829912635575,28,28.739412511099058,11,3.14007236880474,13,4.563789009635193,6.182442405259401,0.12479620506287832
93,31,2023-01-04,2023-02-03,2023-02-03,2023-02-10,tendencia,0,120,meseta,False,11,17102.51992886677,1,1354.279335472392,0.07918595277802011,38,178,0.7782781338617974,29,10.693884957777213,58,2.806088102103495,27,2.8535701239265343,9.898039923653076,0.655922108811031
94,31,2023-01-04,2023-02-03,2023-02-03,2023-02-10,reversion,1,120,meseta,False,14,15.248048540491501,0,,,17,86,0.35378705892303286,20,27.815719762868838,10,3.632121169461807,24,4.356022793514651,6.1057294499130546,0.20539877264999137
95,31,2023-01-04,2023-02-03,2023-02-03,2023-02-10,crisis,2,120,meseta,False,39,-13.971968783310661,12,-10.512438882390976,,6,87,0.08805383011948006,26,19.955363850923966,19,3.7197620456608274,7,1.7636694035833147,10.929420953666275,0.13165048815628974
96,32,2023-01-11,2023-02-10,2023-02-10,2023-02-17,tendencia,0,120,meseta,False,12,124.14975366493361,1,60.80845741474369,0.4897992595205542,12,139,0.7084009981651427,16,23.878734239083574,28,3.8818194174797322,28,3.981356407897927,11.915716265691835,0.8726167765748756
97,32,2023-01-11,2023-02-10,2023-02-10,2023-02-17,reversion,1,120,meseta,False,50,-11.260226936846347,29,-8.39094674533359,,40,68,0.9831652133551356,17,7.276010280096807,13,3.1493106337782977,9,3.658602423508076,10.375096429198255,0.11901565851198936
98,32,2023-01-11,2023-02-10,2023-02-10,2023-02-17,crisis,2,120,meseta,False,27,-9.506298137001204,0,,,9,101,0.32794828775801566,24,20.16498032657061,59,3.2053288963288615,9,4.759469891360296,9.961463961699113,0.12132079624212068
99,33,2023-01-18,2023-02-17,2023-02-17,2023-02-24,tendencia,0,120,meseta,False,27,174.25900940289353,3,-31.778199857250016,-0.18236187595774517,15,194,0.5209521531066168,23,27.338769993247297,44,2.807481395588716,21,4.470598736306669,11.41157751593893,0.8972425351377507
100,33,2023-01-18,2023-02-17,2023-02-17,2023-02-24,reversion,1,120,meseta,False,57,-15.478073250714218,0,,,35,56,0.9479340463475576,19,11.358048829389443,20,2.1531385305120283,29,4.516221547097535,10.960622132400308,0.15476138202490605
101,33,2023-01-18,2023-02-17,2023-02-17,2023-02-24,crisis,2,120,meseta,False,30,-5.249669687295533,16,-26.05598973584787,,5,55,0.34421977406978915,28,22.848657833722353,58,3.0058353694739335,27,4.209415151123319,11.536206905084386,0.1850955022609761
102,34,2023-01-25,2023-02-24,2023-02-24,2023-03-03,tendencia,0,120,meseta,False,9,119.9398825458083,0,,,22,146,0.05625581351074799,29,29.521068030390943,15,2.049427979493163,11,2.5270666899505745,11.522522400523535,0.6645891822232571
103,34,2023-01-25,2023-02-24,2023-02-24,2023-03-03,reversion,1,120,meseta,False,13,18.955336164195614,2,-58.237286039307264,-3.0723425601552035,8,137,0.9493824420453101,28,27.952374743459835,12,3.837728758471709,7,3.4214573138416946,11.242348731718854,0.31005493628303266
104,34,2023-01-25,2023-02-24,2023-02-24,2023-03-03,crisis,2,120,meseta,False,15,-7.448308332802814,5,-21.965928838764068,,39,199,0.8858102957753311,22,23.92872385640058,22,3.6616369810544334,23,3.7215142895750652,11.381554061309465,0.12751103555661164
105,35,2023-02-01,2023-03-03,2023-03-03,2023-03-10,tendencia,0,120,meseta,False,25,2.1476217148067898,0,,,28,176,0.030568656529137133,16,27.40882015383799,24,2.71642954345532,25,1.6770819202711578,11.124981508596965,0.7062261185095792
106,35,2023-02-01,2023-03-03,2023-03-03,2023-03-10,reversion,1,120,meseta,False,56,-3.9645545753222815,29,-7.588374574979297,,15,158,0.6443906650697675,10,25.54438553228082,58,3.1145930320119057,19,3.176081130618968,11.50672805731364,0.2501911442691176
107,35,2023-02-01,2023-03-03,2023-03-03,2023-03-10,crisis,2,120,meseta,False,10,-12.674551250051511,0,,,36,198,0.20628691088628925,19,27.985534159591317,29,3.9627315893269683,18,3.1791930265495325,5.898965870337959,0.1184646483315834
108,38,2023-03-28,2023-04-07,2023-04-07,2023-04-14,tendencia,0,120,meseta,False,8,-146.72337053846044,0,,,37,68,0.35296238517822465,20,13.246949583231585,59,3.657943462123086,27,2.627273849542913,4.897388327946867,0.1348332011759961
109,38,2023-03-28,2023-04-07,2023-04-07,2023-04-14,reversion,1,120,meseta,False,10,-149.07439805494195,110,-18.633491578447543,,39,149,0.42852807326384484,7,7.40004179738043,56,3.4328300791395105,29,1.988582443731918,4.4427379676205865,0.17643128520456614
110,38,2023-03-28,2023-04-07,2023-04-07,2023-04-14,crisis,2,120,heredado_sin_validos,True,0,,0,,,36,198,0.20628691088628925,19,27.985534159591317,29,3.9627315893269683,18,3.1791930265495325,5.898965870337959,0.1184646483315834
111,39,2023-03-28,2023-04-14,2023-04-14,2023-04-21,tendencia,0,120,meseta,False,9,-63.312731665143716,20,-42.127600696220874,,6,58,0.45188929790192917,18,23.878837879851297,34,3.5995179986039205,21,1.8494901647744917,8.454550290810326,0.12241044278528312
112,39,2023-03-28,2023-04-14,2023-04-14,2023-04-21,reversion,1,120,meseta,False,9,-41.01528759883302,1,1019.613743403382,,17,113,0.9864908418155681,26,19.890036239415657,35,3.747439239458051,28,4.905516061373112,10.000810671051909,0.12805127676520325
113,39,2023-03-28,2023-04-14,2023-04-14,2023-04-21,crisis,2,120,meseta,False,9,-101.67988602767917,0,,,29,151,0.9285227622563266,30,24.57355184180894,12,2.363850000556681,28,4.693128402326889,4.559143449440852,0.1583635263000645
114,40,2023-03-28,2023-04-21,2023-04-21,2023-04-28,tendencia,0,120,meseta,False,9,57.636045480294555,2,-48.082635310641436,-0.8342459117373107,33,95,0.7621980541826701,30,23.48885017423033,58,3.656188911806218,7,3.9142008019082772,7.991014857577789,0.7110682912238802
115,40,2023-03-28,2023-04-21,2023-04-21,2023-04-28,reversion,1,120,meseta,False,9,7.944244927695688,0,,,5,168,0.802878558957355,13,26.62434592822347,15,3.441901540730927,10,3.3873434931893858,11.236372371979634,0.13744987203612566
116,40,2023-03-28,2023-04-21,2023-04-21,2023-04-28,crisis,2,120,meseta,False,11,-66.33055350331267,27,-23.96470016014863,,8,59,0.3754578362981153,8,29.908140709919234,42,2.935681081862887,15,1.9021296548154134,7.582132606603578,0.10722550694496658
117,41,2023-03-29,2023-04-28,2023-04-28,2023-05-05,tendencia,0,120,meseta,False,26,49.58490555991061,0,,,7,158,0.7366904900310552,14,29.81274366666968,60,1.7243022789076465,9,4.685311973198007,11.898705161787783,0.944187700025053
118,41,2023-03-29,2023-04-28,2023-04-28,2023-05-05,reversion,1,120,meseta,False,18,21.815951129829237,0,,,28,53,0.06471936485140257,30,19.87793681202167,35,3.295623571923787,8,4.602827952097918,11.497064296515903,0.2719711274706271
119,41,2023-03-29,2023-04-28,2023-04-28,2023-05-05,crisis,2,120,meseta,False,15,-7.0010855946428565,31,-33.57771117680797,,5,182,0.9337521813144872,15,27.87898842468706,41,2.3783240654135485,25,2.608418989127272,10.613520832795713,0.14924563327420576
120,42,2023-04-05,2023-05-05,2023-05-05,2023-05-12,tendencia,0,120,meseta,False,22,41.382302937008454,11,-36.627225629669105,-0.885093941857768,31,146,0.1216889270370959,28,21.151899140402804,36,2.898180450564873,8,4.447073421947602,11.348311031319472,0.24539116919825282
121,42,2023-04-05,2023-05-05,2023-05-05,2023-05-12,reversion,1,120,meseta,False,32,-10.707741311608876,4,-101.66492775908608,,19,169,0.8003855572049787,28,19.590805722277132,51,2.1686955770445677,27,4.195312624460227,10.978960612239685,0.13017819160617453
122,42,2023-04-05,2023-05-05,2023-05-05,2023-05-12,crisis,2,120,meseta,False,10,-7.732855152367238,1,-158.15284113914976,,39,99,0.6180926534202166,29,25.523781606389083,29,3.285668853361526,18,1.8422287934995536,11.477341152359811,0.24263065645964077
123,43,2023-04-12,2023-05-12,2023-05-12,2023-05-19,tendencia,0,120,meseta,False,32,12.608164276951678,10,-61.85398798724376,-4.905867866927764,31,137,0.6021363711038028,12,29.620631386537916,26,3.2770401674119323,19,3.298226143957096,7.351380385317647,0.19798919807724746
124,43,2023-04-12,2023-05-12,2023-05-12,2023-05-19,reversion,1,120,meseta,False,16,-17.11098746961538,2,-226.47529293426848,,7,56,0.5805355542111218,14,27.61043883207039,10,3.188362804388444,26,4.765419923189319,8.340935911766863,0.10697635465785162
125,43,2023-04-12,2023-05-12,2023-05-12,2023-05-19,crisis,2,120,meseta,False,13,-9.496029971295691,5,-66.20608734518301,,36,83,0.1623651729219437,13,28.87650020334263,11,3.228762759979485,10,2.426148265958286,4.228318641508072,0.131284692347474
126,44,2023-04-19,2023-05-19,2023-05-19,2023-05-26,tendencia,0,120,meseta,False,9,2.663297456809899,5,-31.603700000664656,-11.866380122076041,15,90,0.051180750053935554,23,28.31209215425892,16,3.8683450619560276,12,1.5152810880484004,9.881580454052566,0.13330574468614073
127,44,2023-04-19,2023-05-19,2023-05-19,2023-05-26,reversion,1,120,meseta,False,23,16.041433777664626,0,,,38,119,0.15959105976023796,28,10.25479565417745,42,3.8951646037226872,11,4.608186092819051,11.565796173871842,0.3779845764995192
128,44,2023-04-19,2023-05-19,2023-05-19,2023-05-26,crisis,2,120,meseta,False,23,-38.94311312819652,0,,,6,194,0.1617843840129785,26,17.144034700447005,41,3.1389861623152684,8,2.680998392193337,3.8788352549923837,0.10532317512453886
129,45,2023-04-26,2023-05-26,2023-05-26,2023-06-02,tendencia,0,120,meseta,False,19,-23.533821726806682,23,-37.541699041936404,,26,198,0.8050868657793323,27,23.06817085582146,26,1.9411209659077242,7,4.9008688477917115,10.200103876019119,0.1630691520888239
130,45,2023-04-26,2023-05-26,2023-05-26,2023-06-02,reversion,1,120,meseta,False,10,4.369199385510312,0,,,23,69,0.9952086353719868,24,27.70447954055903,55,3.8948136352306437,7,3.3457438573150204,9.973146154363647,0.24015939761277977
131,45,2023-04-26,2023-05-26,2023-05-26,2023-06-02,crisis,2,120,meseta,False,16,-18.25292685600825,0,,,20,188,0.9477751909663353,18,28.875302566543358,59,3.7635428939371054,16,2.608032693712287,9.504861925546155,0.12112499356551232
132,46,2023-05-03,2023-06-02,2023-06-02,2023-06-09,tendencia,0,120,meseta,False,26,-24.41569393731813,10,7.8682524455104295,,11,91,0.7965986361588149,26,25.27296616917029,57,3.761460656150293,22,1.8241448893204648,7.982043837918392,0.18447747246011778
133,46,2023-05-03,2023-06-02,2023-06-02,2023-06-09,reversion,1,120,meseta,False,19,-16.38319343762326,5,-51.851576398415595,,36,164,0.7697788356617489,30,12.90136387789193,14,3.468116634949497,17,4.178668769273511,11.606487326391486,0.1634956319304729
134,46,2023-05-03,2023-06-02,2023-06-02,2023-06-09,crisis,2,120,meseta,False,8,69.11060513184071,0,,,37,53,0.04459478750418807,30,27.99329456543678,15,3.012297768208824,12,4.208788789554033,11.234133978817482,0.7636955838436202
135,47,2023-05-10,2023-06-09,2023-06-09,2023-06-16,tendencia,0,120,meseta,False,29,-15.287590275243982,49,-33.91493709292011,,23,193,0.0685342172031213,26,12.26442616495666,56,2.6268556011139546,29,2.692469680292833,4.340303736240637,0.12194476946978415
136,47,2023-05-10,2023-06-09,2023-06-09,2023-06-16,reversion,1,120,meseta,False,25,-12.185897115057324,0,,,36,184,0.8183409627048768,22,28.22838547179711,34,3.9029519244078905,28,3.2663690852770606,7.96452653858136,0.115820887999175
137,47,2023-05-10,2023-06-09,2023-06-09,2023-06-16,crisis,2,120,meseta,False,16,-29.355507678617137,0,,,30,80,0.9518194241118297,18,19.67140623714396,10,3.870153677377816,27,2.790866845167803,11.843516583833605,0.13817491717873834
138,48,2023-05-17,2023-06-16,2023-06-16,2023-06-23,tendencia,0,120,meseta,False,8,-12.574889310967556,6,25.09802676721433,,11,128,0.43570844215033505,14,26.730560320085104,27,2.934515463128064,9,3.5774034623634705,5.353153457099915,0.1366059012878021
139,48,2023-05-17,2023-06-16,2023-06-16,2023-06-23,reversion,1,120,meseta,False,14,21.995808350132496,2,-100.39182859860102,-4.56413453875162,37,123,0.985711164319919,28,26.23466844586123,60,3.695638203757172,9,4.083043130555728,10.284470729547973,0.22388039144181424
140,48,2023-05-17,2023-06-16,2023-06-16,2023-06-23,crisis,2,120,meseta,False,24,-3.281484122197143,4,33.45466815450755,,21,167,0.1053645605659582,28,28.118393996173474,55,2.641335893624443,9,3.124985107958214,10.6546235554554,0.17380760047198632
141,49,2023-05-24,2023-06-23,2023-06-23,2023-06-30,tendencia,0,120,meseta,False,10,79.13355459802916,6,-30.950019832736356,-0.3911112042161085,36,138,0.6186349757654429,20,18.66370958460372,42,3.6083645524078856,29,3.8205583968958097,10.681306924112073,0.7716936890095584
142,49,2023-05-24,2023-06-23,2023-06-23,2023-06-30,reversion,1,120,meseta,False,20,-11.406181489444126,0,,,39,173,0.20812456469962012,28,23.594000736287153,57,3.770190971495415,19,3.43945826498467,11.279734393928575,0.11945247058149373
143,49,2023-05-24,2023-06-23,2023-06-23,2023-06-30,crisis,2,120,meseta,False,26,-26.514014267932247,9,-67.25168970318767,,18,175,0.6261911703134917,14,27.19685106505536,56,3.7226282537867195,28,4.158623325274215,4.022948090137154,0.12856840253411636
144,50,2023-05-31,2023-06-30,2023-06-30,2023-07-07,tendencia,0,120,meseta,False,17,36.08068563258859,6,-12.781781302081791,-0.3542554992507433,37,58,0.6304630827733526,26,21.850977174540862,57,3.4176579055511773,17,1.8696193859503671,9.505972591164308,0.5524342123918589
145,50,2023-05-31,2023-06-30,2023-06-30,2023-07-07,reversion,1,120,meseta,False,16,-7.626803570595752,7,-46.1385216840167,,23,169,0.9287865624990157,27,23.866881192055775,58,3.7201665236245343,28,1.9937378598938649,9.447114752523607,0.2169409612664552
146,50,2023-05-31,2023-06-30,2023-06-30,2023-07-07,crisis,2,120,meseta,False,9,-43.58095515242666,0,,,21,67,0.03054556033540689,25,28.23104373363955,26,3.496531117881092,13,1.6611308977661354,7.53866106150485,0.12009665303181435
147,51,2023-06-07,2023-07-07,2023-07-07,2023-07-14,tendencia,0,120,meseta,False,26,34.01045596296152,11,-24.383679856552245,-0.7169465732275643,21,114,0.3352520641219319,23,22.850475289779315,29,3.669941527787443,25,2.2651396518007947,10.454915865490108,0.8469159092963351
148,51,2023-06-07,2023-07-07,2023-07-07,2023-07-14,reversion,1,120,meseta,False,14,-9.37754155674848,0,,,39,102,0.8534167061186068,15,26.17721904138571,13,3.6076588698986938,30,2.589556657888234,11.296823661594766,0.14494476108297907
149,51,2023-06-07,2023-07-07,2023-07-07,2023-07-14,crisis,2,120,meseta,False,12,-31.180908053535145,0,,,16,76,0.9307896961349384,13,27.949071088335547,48,3.3066764437772878,18,1.5165662861669718,9.769594502390373,0.18368640419289384
150,52,2023-06-14,2023-07-14,2023-07-14,2023-07-21,tendencia,0,120,meseta,False,35,-8.949629676099947,0,,,9,147,0.3568598398847322,15,28.449090894480733,32,3.040959365732579,23,4.736626502238209,11.189565441548462,0.11355538321451557
151,52,2023-06-14,2023-07-14,2023-07-14,2023-07-21,reversion,1,120,meseta,False,33,-5.357507676456296,17,-32.038207895754226,,11,174,0.5165552005184368,29,20.54765340044006,23,2.7982309958376104,17,1.939842582124724,9.84363399027722,0.14489603495495373
152,52,2023-06-14,2023-07-14,2023-07-14,2023-07-21,crisis,2,120,meseta,False,12,97.50731967684244,0,,,34,83,0.11273796630256235,28,19.89234923176386,16,3.421026363082598,30,1.6491575782470131,5.691263190234218,0.31115114725171905
153,53,2023-06-21,2023-07-21,2023-07-21,2023-07-28,tendencia,0,120,meseta,False,15,-8.982548265690946,6,-38.129693199797394,,38,147,0.8970506903698241,29,27.426541169685557,60,3.5195388722237753,15,4.549826001740265,8.577288399708134,0.43430011814064684
154,53,2023-06-21,2023-07-21,2023-07-21,2023-07-28,reversion,1,120,meseta,False,20,-22.54173461379644,0,,,39,91,0.5959816094209954,14,26.237552726585214,25,3.6038562747717067,11,4.723734748067339,4.9530309779038575,0.11820293084900119
155,53,2023-06-21,2023-07-21,2023-07-21,2023-07-28,crisis,2,120,meseta,False,15,-14.070098177913131,0,,,34,101,0.1985751859409744,19,24.079519752621696,19,2.805326916950309,29,1.5161024909168621,8.330704534394863,0.13618476463706183
156,54,2023-06-28,2023-07-28,2023-07-28,2023-08-04,tendencia,0,120,meseta,False,25,-8.845795342824967,5,-25.33245614261909,,10,139,0.6022970389013753,16,29.22913360666617,50,3.844945600438265,19,4.24197077521453,4.853477998334052,0.13155451158245304
157,54,2023-06-28,2023-07-28,2023-07-28,2023-08-04,reversion,1,120,meseta,False,12,-26.70060431764888,9,-66.16893139303656,,6,187,0.16255743072997336,30,20.363255255247886,53,3.3863224171256237,23,2.481427327769829,10.702040579235105,0.11135987254736521
158,54,2023-06-28,2023-07-28,2023-07-28,2023-08-04,crisis,2,120,meseta,False,22,-19.896855174996222,0,,,34,117,0.7687486145205698,15,26.181210285182104,41,2.8792680576314114,8,2.058983038473179,11.191920181897675,0.1358930395325883
159,55,2023-07-05,2023-08-04,2023-08-04,2023-08-11,tendencia,0,120,meseta,False,18,-13.798998496954127,0,,,36,103,0.31041134455725283,18,26.94414608824796,56,3.7866415842343044,22,3.2858732885364015,8.843713698957892,0.14547616229119692
160,55,2023-07-05,2023-08-04,2023-08-04,2023-08-11,reversion,1,120,meseta,False,10,-14.51121923629388,7,-47.5104508574677,,38,99,0.701603379218131,28,28.96225401055395,17,2.8515847960485683,10,2.2586672232148595,8.53955455918099,0.1360885496646194
161,55,2023-07-05,2023-08-04,2023-08-04,2023-08-11,crisis,2,120,meseta,False,12,-23.69860223797,0,,,8,194,0.7413885296934085,23,21.928832346624265,13,3.785057433646484,25,4.759264482184273,3.6645198677219364,0.13573574793314608
162,56,2023-07-12,2023-08-11,2023-08-11,2023-08-18,tendencia,0,120,meseta,False,9,-25.311647802012693,6,-45.13246731008414,,27,56,0.044570350526321634,23,26.787447949607525,11,3.0701153321914534,19,2.3797244450777986,7.983579817001766,0.11252777614362547
163,56,2023-07-12,2023-08-11,2023-08-11,2023-08-18,reversion,1,120,meseta,False,9,-19.459915867709455,0,,,33,59,0.2966502313980569,20,27.918219857985658,16,3.136115262014172,16,1.9528798995613192,8.978133721122932,0.13262502416532124
164,56,2023-07-12,2023-08-11,2023-08-11,2023-08-18,crisis,2,120,meseta,False,16,-25.119223782076798,0,,,16,120,0.37225108792119826,26,25.906498596654785,57,3.5300283594390787,25,1.8075182825000515,6.960536152428816,0.10463209505805193
165,57,2023-07-19,2023-08-18,2023-08-18,2023-08-25,tendencia,0,120,meseta,False,32,-11.262132583033502,3,-101.13166768320671,,31,151,0.22035006654446723,22,27.445200473298705,50,2.334789352891582,10,3.4133349342264077,11.358494285459141,0.3002276284898502
166,57,2023-07-19,2023-08-18,2023-08-18,2023-08-25,reversion,1,120,meseta,False,9,-16.531349266830226,0,,,5,106,0.124644110639556,30,24.730715554865533,22,3.828480478441375,10,2.728355637788913,4.151794709450989,0.147104210676802
167,57,2023-07-19,2023-08-18,2023-08-18,2023-08-25,crisis,2,120,meseta,False,12,-28.48039511263262,14,-45.37450413670287,,39,104,0.27324216454709743,9,29.93250131716481,14,3.4406647161104784,12,2.336283699377551,10.802965535512477,0.13791013993992154
168,58,2023-07-26,2023-08-25,2023-08-25,2023-09-01,tendencia,0,120,meseta,False,13,-8.08584525450908,4,-46.336534874935666,,7,176,0.5069716074361427,19,5.455620550726223,43,3.744612011874376,29,3.243576983262098,7.775053757087242,0.11057596344609448
169,58,2023-07-26,2023-08-25,2023-08-25,2023-09-01,reversion,1,120,meseta,False,28,-11.109962386378715,7,92.67988596579161,,28,111,0.656380217090982,29,20.349208866216156,10,2.8067822750200224,11,4.0522990683496785,8.288992777329325,0.13849033541408418
170,58,2023-07-26,2023-08-25,2023-08-25,2023-09-01,crisis,2,120,meseta,False,10,-41.63881340495557,2,356888.65906828875,,13,168,0.0576040773826446,25,19.47661157416949,54,3.5455865457870965,29,4.475474536461585,7.343124319803318,0.1583040686906673
171,59,2023-08-02,2023-09-01,2023-09-01,2023-09-08,tendencia,0,120,meseta,False,13,3.919751310483446,4,-82.8126167954402,-21.12700787265671,8,58,0.992912114617532,8,7.609306828333528,51,1.7311999038917794,26,3.1383801681427985,10.600197689259772,0.876465141094111
172,59,2023-08-02,2023-09-01,2023-09-01,2023-09-08,reversion,1,120,meseta,False,24,-5.307242784549326,4,-48.775396617656135,,35,101,0.2541644778188097,23,25.452467186220254,36,3.6942182624666575,27,4.5213405014645165,9.407156709232554,0.13146465522636855
173,59,2023-08-02,2023-09-01,2023-09-01,2023-09-08,crisis,2,120,meseta,False,14,-28.43254824810481,2,-230.01634074279917,,40,164,0.12357354205036025,11,27.85245063193018,55,3.5841227799005595,23,4.061756429535192,11.462077454390073,0.12104031335457319
174,60,2023-08-09,2023-09-08,2023-09-08,2023-09-15,tendencia,0,120,meseta,False,20,-19.802594143665633,0,,,20,165,0.854838256595979,23,18.910769776883964,54,3.727272825480961,7,3.2941175552355384,9.976935044276859,0.16280364801119218
175,60,2023-08-09,2023-09-08,2023-09-08,2023-09-15,reversion,1,120,meseta,False,8,25.832140180997257,4,68.13964381191205,2.6377854616179737,32,177,0.9169099534741368,28,29.12127241324922,26,3.642316713471711,9,4.120913114219707,10.852275137000387,0.141549325351459
176,60,2023-08-09,2023-09-08,2023-09-08,2023-09-15,crisis,2,120,meseta,False,9,-11.055944428392458,0,,,33,184,0.9678258566259494,16,25.157604576226777,46,3.740619555323829,19,2.136586143218665,11.147408482523826,0.12042844924329407
177,61,2023-08-16,2023-09-15,2023-09-15,2023-09-22,tendencia,0,120,meseta,False,9,-2.801515408902578,3,-95.83043990901811,,39,177,0.46821543800201393,30,21.64565125570267,47,3.870206844076959,13,2.2148954953072924,6.655264645907478,0.15747390814251203
178,61,2023-08-16,2023-09-15,2023-09-15,2023-09-22,reversion,1,120,meseta,False,35,-14.816120670888342,11,-23.802584404626593,,34,148,0.8290822606772449,28,25.476951065292166,55,3.4463668998347083,18,1.673576515778402,4.841725937909096,0.1211281043754609
179,61,2023-08-16,2023-09-15,2023-09-15,2023-09-22,crisis,2,120,meseta,False,13,-13.236570385385429,1,-347.7458457847601,,27,166,0.0838916530698615,30,15.443352867032159,11,3.658824322468991,11,1.8476045094423605,11.571416486445264,0.11180922713374578
180,62,2023-08-23,2023-09-22,2023-09-22,2023-09-29,tendencia,0,120,meseta,False,13,33.859532732511056,2,-52.717703419898726,-1.5569530695053135,40,194,0.3668899733239301,24,29.39749835623251,35,3.8911783963462336,17,4.419615235973707,4.878216788640547,0.33520526464938727
181,62,2023-08-23,2023-09-22,2023-09-22,2023-09-29,reversion,1,120,meseta,False,8,15.163376880519158,3,-15.350480701066296,-1.012339192122008,36,116,0.3241646177917912,20,28.930709449972003,17,3.7821327899541624,29,4.4242184705777605,11.26865862884341,0.30081086356501757
182,62,2023-08-23,2023-09-22,2023-09-22,2023-09-29,crisis,2,120,meseta,False,9,-13.040453781839,0,,,7,166,0.9725508396834681,22,9.632386388052549,34,3.8504733591990745,9,3.6877590242834697,11.776133744565543,0.1917843835967269
183,63,2023-08-30,2023-09-29,2023-09-29,2023-10-06,tendencia,0,120,meseta,False,14,45.01046535772989,6,-115.44027806807615,-2.564743046991203,38,161,0.8076049106881217,21,25.034990883224438,24,3.0151378657295567,8,2.697427036396597,9.304436474324417,0.1405854891485266
184,63,2023-08-30,2023-09-29,2023-09-29,2023-10-06,reversion,1,120,meseta,False,16,-12.552182973898043,4,129.9995337697588,,36,199,0.08128854051692984,25,28.607941222798903,52,3.469260987050928,23,2.6879087723627415,4.134433651530755,0.14147333926075686
185,63,2023-08-30,2023-09-29,2023-09-29,2023-10-06,crisis,2,120,meseta,False,8,15.95640228941722,0,,,11,191,0.973316417942327,25,27.058526712491876,17,3.242600914172143,25,4.6680968082871885,9.272990431617712,0.8167832283072857
186,64,2023-09-06,2023-10-06,2023-10-06,2023-10-13,tendencia,0,120,meseta,False,16,-9.290527948226408,0,,,40,159,0.4982526155746168,23,26.295442241947583,28,3.4494510027628085,23,4.96197064094433,11.951845055485402,0.18817107798050295
187,64,2023-09-06,2023-10-06,2023-10-06,2023-10-13,reversion,1,120,meseta,False,19,-8.814600512807619,2,-34.43675697783148,,37,59,0.9402091602601116,25,28.635957025646455,55,2.5713923498760067,24,4.589855986730065,10.946029274236489,0.18588423869715198
188,64,2023-09-06,2023-10-06,2023-10-06,2023-10-13,crisis,2,120,meseta,False,13,-23.40138838735708,28,-39.87456713625589,,32,155,0.08130307126755781,12,12.939718070391764,46,3.556803548006295,30,4.503655165777659,10.896654524967786,0.11735231115543988
189,65,2023-09-13,2023-10-13,2023-10-13,2023-10-20,tendencia,0,120,meseta,False,9,-14.698269079657127,5,-148.09585320843541,,8,108,0.06650497700127077,18,24.765242923054064,17,2.564697698222343,30,1.5917414565791774,9.93798391283752,0.18922491016836218
190,65,2023-09-13,2023-10-13,2023-10-13,2023-10-20,reversion,1,120,meseta,False,15,8.612195324838357,0,,,15,192,0.3689819926332246,18,25.331206332303335,11,3.4634684902582613,8,3.9623748726518295,10.727529423965604,0.19189144436270372
191,65,2023-09-13,2023-10-13,2023-10-13,2023-10-20,crisis,2,120,meseta,False,54,-10.681441467673,22,-40.744393055255244,,7,158,0.9812884041467883,29,12.217870572178098,56,3.6963430806325963,18,4.912384246288752,10.251885259438028,0.10304333997382753
192,66,2023-09-20,2023-10-20,2023-10-20,2023-10-27,tendencia,0,120,meseta,False,9,-12.41263424493094,0,,,6,127,0.8026613159698298,30,26.620347937633085,17,3.7532767624547403,28,1.9812018490869825,11.315807366713495,0.4423270437382497
193,66,2023-09-20,2023-10-20,2023-10-20,2023-10-27,reversion,1,120,meseta,False,58,-24.43225224908047,6,7009.639399301855,,35,182,0.9378486623240807,24,9.505605727169122,16,2.83944509558507,14,2.169160331727525,9.874823509503665,0.10516987270409686
194,66,2023-09-20,2023-10-20,2023-10-20,2023-10-27,crisis,2,120,meseta,False,10,-59.50485024977329,29,-27.20432160446718,,24,188,0.7039183171353203,10,29.55087646997112,41,2.1305480385898083,7,3.3540391311049786,11.907979361962884,0.14715383111457805
195,67,2023-09-27,2023-10-27,2023-10-27,2023-11-03,tendencia,0,120,meseta,False,27,-7.270925938036807,3,58.27679787635512,,5,126,0.19879158960948648,26,26.900515304879733,43,3.807357796767937,12,1.7948707198455383,6.494087257320464,0.13586805155690937
196,67,2023-09-27,2023-10-27,2023-10-27,2023-11-03,reversion,1,120,meseta,False,9,138.26617261343043,0,,,35,184,0.03429092312863739,29,18.597816755368978,15,3.433619480692777,10,4.798387866993464,11.499705627119976,0.8012060778367835
197,67,2023-09-27,2023-10-27,2023-10-27,2023-11-03,crisis,2,120,meseta,False,10,-32.96706498962854,18,-55.87715501027164,,40,59,0.523327992400197,15,10.095046749674802,47,3.671297449635381,23,3.137088469288427,11.25096819902209,0.13782218226071846
198,68,2023-10-04,2023-11-03,2023-11-03,2023-11-10,tendencia,0,120,meseta,False,8,365.7217129806344,0,,,26,69,0.7597761426661409,20,26.847628323731048,15,2.9927438338495658,25,4.500848467808537,10.247949020903624,0.7801532770179473
199,68,2023-10-04,2023-11-03,2023-11-03,2023-11-10,reversion,1,120,meseta,False,9,-11.090499269164109,2,-49.919892649887515,,36,61,0.7952249742773452,24,29.57046142192888,16,3.0984924349282847,27,1.8475112314770337,10.818925970557261,0.24992931480323238
200,68,2023-10-04,2023-11-03,2023-11-03,2023-11-10,crisis,2,120,meseta,False,8,-24.13108201858952,0,,,38,100,0.09001919966331842,20,28.58723012241883,47,3.2354840391358004,27,4.759717759663142,5.025821390947267,0.15903489351873024
201,69,2023-10-11,2023-11-10,2023-11-10,2023-11-17,tendencia,0,120,meseta,False,20,-6.850665919802324,4,-13.169052487586123,,19,98,0.753473389852421,24,28.39841309230391,50,3.5594117626023265,23,3.9872678055854354,11.744178573954521,0.11135210343149402
202,69,2023-10-11,2023-11-10,2023-11-10,2023-11-17,reversion,1,120,meseta,False,16,8.042184903394837,3,-200.7018200272665,-24.956131006456282,20,104,0.3364608668394039,12,29.16131848290168,59,3.0736942345472125,7,2.3676548353318836,8.740963280039058,0.15878174865949532
203,69,2023-10-11,2023-11-10,2023-11-10,2023-11-17,crisis,2,120,meseta,False,27,-34.30815748109865,0,,,6,93,0.11297064263869186,12,24.646295519575173,10,2.649462335538741,28,4.8680193321152,9.801891640826504,0.11568819310734318
204,70,2023-10-18,2023-11-17,2023-11-17,2023-11-24,tendencia,0,120,meseta,False,12,9.518604419112052,7,-29.39877173073188,-3.0885590404096614,33,59,0.6405580197844603,29,23.866801360738137,58,3.2180592688347938,10,4.792216514058828,11.277743796215132,0.4349569099176726
205,70,2023-10-18,2023-11-17,2023-11-17,2023-11-24,reversion,1,120,meseta,False,17,22.0773205377853,0,,,8,194,0.914344273050284,23,24.763154295584336,43,3.4877964321465176,22,2.753960798073409,10.239620277565367,0.9230327008720562
206,70,2023-10-18,2023-11-17,2023-11-17,2023-11-24,crisis,2,120,meseta,False,28,-27.71770514393712,0,,,24,124,0.017588105819725065,23,16.25462016037803,39,2.3754660392314446,20,4.882243818085593,7.370264506644558,0.12543329670794953
207,71,2023-10-25,2023-11-24,2023-11-24,2023-12-01,tendencia,0,120,meseta,False,9,13.270015845923634,0,,,19,74,0.9037169501359208,24,29.513788459254986,35,3.8724882791234654,25,2.336550426461743,4.186479083160733,0.22033021516909576
208,71,2023-10-25,2023-11-24,2023-11-24,2023-12-01,reversion,1,120,meseta,False,22,2.1894926620792834,10,-29.263694671059373,-13.36551392835849,10,61,0.4144798548331515,29,28.08150841477167,51,3.25997537765756,20,1.893882180271745,11.558890488753965,0.5805770403592296
209,71,2023-10-25,2023-11-24,2023-11-24,2023-12-01,crisis,2,120,meseta,False,18,-51.90066099689064,0,,,25,93,0.6263544169850388,27,14.385306349621448,14,3.1524002957817987,28,2.745427298819451,11.010711624800722,0.10913377168100759
210,72,2023-11-01,2023-12-01,2023-12-01,2023-12-08,tendencia,0,120,meseta,False,16,-4.698223818126726,4,-43.33934223107619,,9,72,0.7246227924196283,30,27.81805183457514,52,3.877724332084316,17,4.9999084127243085,5.437530937122785,0.2171547056302694
211,72,2023-11-01,2023-12-01,2023-12-01,2023-12-08,reversion,1,120,meseta,False,33,-19.273815707996498,35,-51.38143432804576,,34,195,0.11543858396996924,11,28.894713315344756,11,1.9113597022173034,25,4.628430884855525,4.513878364217641,0.1538612316036663
212,72,2023-11-01,2023-12-01,2023-12-01,2023-12-08,crisis,2,120,meseta,False,11,38.046285292945164,0,,,30,50,0.28153826080805266,24,24.69304466687169,59,3.8183192781263364,29,3.2635971662283594,11.303287043688004,0.7540717267867754
213,73,2023-11-08,2023-12-08,2023-12-08,2023-12-15,tendencia,0,120,meseta,False,19,12.964941508496391,0,,,19,179,0.33821119157439977,27,26.67733439016446,13,2.432918463345411,13,4.864121950044814,11.029423290960898,0.4107165933938519
214,73,2023-11-08,2023-12-08,2023-12-08,2023-12-15,reversion,1,120,meseta,False,12,-10.666984739651843,9,-92.02534386352853,,19,60,0.3686095980438544,25,28.253410418107034,36,3.3697848384768947,18,3.9677884002182298,3.7222620467195915,0.14311849989917574
215,73,2023-11-08,2023-12-08,2023-12-08,2023-12-15,crisis,2,120,meseta,False,16,36.722532132588015,4,-17.927254896893498,-0.4881813386987178,36,160,0.929120008627501,25,23.184812572998016,55,3.045177648344034,23,4.34811426884723,11.915061791346934,0.10374713352230963
216,74,2023-11-15,2023-12-15,2023-12-15,2023-12-22,tendencia,0,120,meseta,False,11,120.35085433626038,0,,,21,73,0.5680402662603194,25,26.520775607027527,16,2.9130576532453794,24,4.8291806044240335,11.732261326355069,0.556295298182017
217,74,2023-11-15,2023-12-15,2023-12-15,2023-12-22,reversion,1,120,meseta,False,9,-15.579952855005327,1,-28.79096679930265,,15,180,0.0944315348519865,25,25.64273659265275,14,3.661701912797999,18,2.254533453115358,3.9493892169739717,0.46980721308499274
218,74,2023-11-15,2023-12-15,2023-12-15,2023-12-22,crisis,2,120,meseta,False,22,-1.6277466157010085,13,-29.160244119361018,,30,145,0.9827436380245089,23,20.04442989929007,13,3.870564548849396,19,3.9546048040177424,9.796378094311596,0.23541349930287975
219,75,2023-11-22,2023-12-22,2023-12-22,2023-12-29,tendencia,0,120,meseta,False,14,134.79136784992215,3,-80.43593396370655,-0.5967439550970697,40,191,0.8218900594397459,10,24.34791300692887,32,3.7633208439978114,7,4.061996359033321,11.208513750939227,0.5477531132647657
220,75,2023-11-22,2023-12-22,2023-12-22,2023-12-29,reversion,1,120,meseta,False,12,-5.705358916713525,7,-43.30895475869918,,40,165,0.6188054118795108,30,19.678566971103262,27,3.9655521405750624,28,4.780371931302418,11.013640422860767,0.13198679986063697
221,75,2023-11-22,2023-12-22,2023-12-22,2023-12-29,crisis,2,120,meseta,False,41,-22.64576481814254,0,,,33,194,0.4215087144237473,20,27.95280877782957,60,2.092127110567116,23,4.933927495955989,11.717004009775128,0.11278898689699472
